date,CUSR0000SA0,CUSR0000SACE,CUSR0000SACL1E,CUSR0000SAF,CUSR0000SASLE,CUSR0000SEHF,FEDFUNDS
1947-01-01,,,,,,,
1947-02-01,,,,,,,
1947-03-01,,,,,,,
1947-04-01,,,,,,,
1947-05-01,,,,,,,
1947-06-01,,,,,,,
1947-07-01,,,,,,,
1947-08-01,,,,,,,
1947-09-01,,,,,,,
1947-10-01,,,,,,,
1947-11-01,,,,,,,
1947-12-01,,,,,,,
1948-01-01,10.242085661080068,,,,,1.0928961748633892,
1948-02-01,9.481961147086038,,,,,1.0928961748633892,
1948-03-01,6.818181818181812,,,,,1.6393442622950838,
1948-04-01,8.272727272727277,,,,,1.6393442622950838,
1948-05-01,9.384965831435089,,,,,1.6393442622950838,
1948-06-01,9.375,,,,,2.7472527472527375,
1948-07-01,9.761583445793963,,,,,2.7472527472527375,
1948-08-01,9.062499999999996,,,,,2.732240437158473,
1948-09-01,6.654991243432562,,,,,2.732240437158473,
1948-10-01,6.110868616324749,,,,,3.2786885245901454,
1948-11-01,4.770164787510844,,,,,3.2786885245901454,
1948-12-01,2.733874412644166,,,,,2.717391304347827,
1949-01-01,1.3935810810810967,,,,,2.7027027027026973,
1949-02-01,1.0139416983523386,,,,,3.2432432432432545,
1949-03-01,1.744680851063829,,,,,2.6881720430107503,
1949-04-01,0.4198152812762368,,,,,3.2258064516129004,
1949-05-01,-0.4164931278633932,,,,,3.2258064516129004,
1949-06-01,-0.9523809523809379,,,,,2.673796791443861,
1949-07-01,-2.868852459016391,,,,,3.208556149732633,
1949-08-01,-2.988129349160873,,,,,2.659574468085113,
1949-09-01,-2.504105090311981,,,,,2.659574468085113,
1949-10-01,-2.6326614561908546,,,,,2.1164021164021385,
1949-11-01,-1.9039735099337762,,,,,2.1164021164021385,
1949-12-01,-1.8295218295218296,,,,,2.1164021164021385,
1950-01-01,-2.082465639316955,,,,,1.0526315789473717,
1950-02-01,-1.2547051442910906,,,,,0.5235602094240788,
1950-03-01,-1.129234629861986,,,,,0.5235602094240788,
1950-04-01,-1.1287625418060276,,,,,0.0,
1950-05-01,-0.5855290673358438,,,,,0.0,
1950-06-01,-0.16722408026756952,,,,,0.0,
1950-07-01,1.561181434599157,,,,,0.0,
1950-08-01,2.1097046413502074,,,,,-0.5181347150259086,
1950-09-01,2.4842105263158,,,,,0.0,
1950-10-01,3.50654837346851,,,,,-0.5181347150259086,
1950-11-01,3.797468354430378,,,,,-0.5181347150259086,
1950-12-01,5.80262600592969,,,,,-0.5181347150259086,
1951-01-01,7.9540621012335055,,,,,0.5208333333333481,
1951-02-01,9.402795425667087,,,,,0.5208333333333481,
1951-03-01,9.475465313028764,,,,,0.5208333333333481,
1951-04-01,9.598308668076116,,,,,0.0,
1951-05-01,9.339503575936048,,,,,0.5208333333333481,
1951-06-01,8.584589614740379,,,,,0.5208333333333481,
1951-07-01,7.644370585791438,,,,,0.0,
1951-08-01,6.859504132231398,,,,,0.5208333333333481,
1951-09-01,6.943303204601481,,,,,0.0,
1951-10-01,6.775510204081625,,,,,0.5208333333333481,
1951-11-01,6.991869918699178,,,,,0.5208333333333481,
1951-12-01,5.964771817453962,,,,,1.041666666666674,
1952-01-01,4.215918045705291,,,,,0.5181347150258864,
1952-02-01,2.245451025938827,,,,,0.5181347150258864,
1952-03-01,1.9706336939721902,,,,,0.5181347150258864,
1952-04-01,2.083333333333326,,,,,1.041666666666674,
1952-05-01,1.8468641785302164,,,,,1.0362694300518172,
1952-06-01,2.313922097956045,,,,,1.0362694300518172,
1952-07-01,2.9718255499807,,,,,1.0362694300518172,
1952-08-01,3.209590100541382,,,,,1.5544041450777257,
1952-09-01,2.3050326546292688,,,,,1.5544041450777257,
1952-10-01,2.0259938837920544,,,,,2.072538860103612,
1952-11-01,1.4057750759878473,,,,,2.072538860103612,
1952-12-01,0.9066868152625585,,,,,2.0618556701031077,
1953-01-01,0.7183364839319584,,,,,2.0618556701031077,
1953-02-01,0.6815600151457879,,,,,2.0618556701031077,
1953-03-01,0.9094353921940135,,,,,2.577319587628857,
1953-04-01,0.8692365835222926,,,,,2.577319587628857,
1953-05-01,0.86890819795995,,,,,2.051282051282044,
1953-06-01,0.9046362608367886,,,,,2.051282051282044,
1953-07-01,0.41229385307346433,,,,,2.051282051282044,
1953-08-01,0.5994754589734086,,,,,2.0408163265306145,
1953-09-01,0.9763424708974844,,,,,2.0408163265306145,
1953-10-01,0.9741476208317668,,,,,1.522842639593902,
1953-11-01,0.5994754589734086,,,,,2.0304568527918843,
1953-12-01,0.5990265818045737,,,,,1.0101010101010166,
1954-01-01,1.1261261261261257,,,,,1.0101010101010166,
1954-02-01,1.5043249341857745,,,,,1.5151515151515138,
1954-03-01,1.1265490048817162,,,,,1.005025125628145,
1954-04-01,0.6369426751592355,,,,,1.005025125628145,
1954-05-01,0.8614232209737782,,,,,1.005025125628145,
1954-06-01,0.635039223010847,,,,,1.5075376884422065,
1954-07-01,0.26129152668905586,,,,,1.5075376884422065,0.8
1954-08-01,0.0,,,,,1.0000000000000009,1.22
1954-09-01,-0.2975083674228385,,,,,1.0000000000000009,1.07
1954-10-01,-0.8534322820037077,,,,,1.5000000000000124,0.85
1954-11-01,-0.26070763500931626,,,,,0.995024875621886,0.83
1954-12-01,-0.37216226274656705,,,,,2.0000000000000018,1.28
1955-01-01,-0.6310319227913919,,,,,2.0000000000000018,1.39
1955-02-01,-0.6298629121896937,,,,,1.990049751243772,1.29
1955-03-01,-0.519866320089124,,,,,2.487562189054726,1.35
1955-04-01,-0.2606105733432673,,,,,2.487562189054726,1.43
1955-05-01,-0.5941329372447068,,,,,2.985074626865658,1.43
1955-06-01,-0.8537490720118779,,,,,2.4752475247524774,1.64
1955-07-01,-0.37230081906179935,,,,,2.970297029702973,1.68
1955-08-01,-0.484171322160154,,,,,2.4752475247524774,1.96
1955-09-01,0.14919806042521522,,,,,2.970297029702973,2.18
1955-10-01,0.37425149700598404,,,,,2.4630541871921263,2.24
1955-11-01,0.37341299477220424,,,,,2.4630541871921263,2.35
1955-12-01,0.37355248412402897,,,,,1.9607843137255054,2.48
1956-01-01,0.22413149047439962,,,,,2.450980392156854,2.45
1956-02-01,0.1491424310216205,,,,,1.4634146341463428,2.5
1956-03-01,0.3732736095558131,,,,,1.4563106796116276,2.5
1956-04-01,0.5225830533781339,,,,,1.4563106796116276,2.62
1956-05-01,0.9712364587224576,,,,,0.9661835748792313,2.75
1956-06-01,1.647323099962561,,,,,0.9661835748792313,2.71
1956-07-01,1.9805680119581393,,,,,0.48076923076922906,2.75
1956-08-01,2.208083832335328,,,,,1.449275362318847,2.73
1956-09-01,1.862197392923659,,,,,0.9615384615384581,2.95
1956-10-01,2.572706935123037,,,,,0.48076923076922906,2.96
1956-11-01,2.34375,,,,,0.48076923076922906,2.88
1956-12-01,2.828433196873825,,,,,0.9615384615384581,2.94
1957-01-01,3.130823704808061,,,,,0.4784688995215447,2.84
1957-02-01,3.4996276991809516,,,,,0.9615384615384581,3.0
1957-03-01,3.607288955001864,,,,,0.4784688995215447,2.96
1957-04-01,3.713330857779429,,,,,0.4784688995215447,3.0
1957-05-01,3.588605253422128,,,,,0.4784688995215447,3.0
1957-06-01,3.53591160220994,,,,,0.4784688995215447,3.0
1957-07-01,3.2979113228288837,,,,,0.9569377990430672,2.99
1957-08-01,3.551812522885389,,,,,0.952380952380949,3.24
1957-09-01,3.546617915904937,,,,,0.952380952380949,3.47
1957-10-01,2.944383860414379,,,,,1.9138755980861344,3.5
1957-11-01,3.271537622682663,,,,,2.392344497607657,3.28
1957-12-01,3.0401737242128135,,,,,1.904761904761898,2.98
1958-01-01,3.5056017347307566,,,,,2.857142857142869,2.72
1958-02-01,3.237410071942448,,,,,2.857142857142869,1.67
1958-03-01,3.6252692031586653,,,,,3.3333333333333215,1.2
1958-04-01,3.6161833154314316,,,,,3.3333333333333215,1.26
1958-05-01,3.3571428571428585,,,,,3.809523809523818,0.63
1958-06-01,2.8459622909996485,,,,,4.2857142857142705,0.93
1958-07-01,2.483150053210359,,,,,3.791469194312791,0.68
1958-08-01,2.333804809052342,,,,,3.7735849056603765,1.53
1958-09-01,2.083333333333326,,,,,3.7735849056603765,1.76
1958-10-01,2.083333333333326,,,,,3.7558685446009488,1.8
1958-11-01,1.9007391763463444,,,,,3.2710280373831946,2.27
1958-12-01,1.7562346329469625,,,,,3.2710280373831946,2.42
1959-01-01,1.2918994413407825,,,,,2.314814814814814,2.48
1959-02-01,1.0452961672473782,,,,,2.314814814814814,2.43
1959-03-01,0.3463803255975062,,,,,2.304147465437789,2.8
1959-04-01,0.13821700069107656,,,,,2.304147465437789,2.96
1959-05-01,0.3455425017277136,,,,,1.83486238532109,2.9
1959-06-01,0.6918021445866396,,,,,1.82648401826484,3.39
1959-07-01,0.8999653859466772,,,,,2.2831050228310446,3.47
1959-08-01,0.8293020041465038,,,,,2.2727272727272707,3.5
1959-09-01,1.1760636457972984,,,,,3.1818181818181746,3.76
1959-10-01,1.5219647180906293,,,,,2.714932126696823,3.98
1959-11-01,1.3816925734024155,,,,,3.1674208144796268,4.0
1959-12-01,1.5188125647221273,,,,,4.072398190045234,3.99
1960-01-01,1.2409513960703222,,,,,4.072398190045234,3.99
1960-02-01,1.4137931034482687,,,,,4.977375565610842,3.97
1960-03-01,1.5188125647221273,,,,,4.504504504504503,3.84
1960-04-01,1.9323671497584405,,,,,4.954954954954971,3.92
1960-05-01,1.8250688705234275,,,,,4.954954954954971,3.85
1960-06-01,1.7176228100309165,,,,,4.484304932735417,3.32
1960-07-01,1.3722126929674117,,,,,4.464285714285721,3.23
1960-08-01,1.473612063056895,,,,,4.0000000000000036,2.98
1960-09-01,1.2307692307692353,,,,,3.524229074889873,2.6
1960-10-01,1.3628620102214661,,,,,3.524229074889873,2.47
1960-11-01,1.4650766609880739,,,,,3.0701754385964897,2.44
1960-12-01,1.3600816048962905,,,,,2.1739130434782705,1.98
1961-01-01,1.6002723867892366,,,,,2.1739130434782705,1.45
1961-02-01,1.4620877252635056,,,,,1.2931034482758674,2.54
1961-03-01,1.4620877252635056,,,,,1.2931034482758674,2.02
1961-04-01,0.9140148950575577,,,,,1.2875536480686733,1.49
1961-05-01,0.9130875887723988,,,,,1.2875536480686733,1.98
1961-06-01,0.7767646065518496,,,,,1.2875536480686733,1.73
1961-07-01,1.25211505922167,,,,,0.42735042735042583,1.17
1961-08-01,1.1144883485309176,,,,,0.42735042735042583,2.0
1961-09-01,1.249577845322536,,,,,0.0,1.88
1961-10-01,0.7731092436974896,,,,,0.0,2.26
1961-11-01,0.671591672263272,,,,,0.0,2.61
1961-12-01,0.6709158000671067,,,,,0.0,2.33
1962-01-01,0.6702412868632601,,,,,0.0,2.15
1962-02-01,0.9048257372654245,,,,,0.0,2.37
1962-03-01,1.1058981233244003,,,,,0.0,2.85
1962-04-01,1.3418316001341912,,,,,-0.423728813559332,2.78
1962-05-01,1.3404825737265424,,,,,-0.423728813559332,2.36
1962-06-01,1.2399463806970434,,,,,-0.423728813559332,2.68
1962-07-01,1.0026737967914423,,,,,0.42553191489362874,2.71
1962-08-01,1.135604542418167,,,,,0.42553191489362874,2.93
1962-09-01,1.4676450967311627,,,,,0.0,2.9
1962-10-01,1.3342228152101399,,,,,0.0,2.9
1962-11-01,1.3342228152101399,,,,,0.42553191489362874,2.94
1962-12-01,1.2329223592135952,,,,,0.0,2.93
1963-01-01,1.331557922769644,,,,,0.42553191489362874,2.92
1963-02-01,1.2288276320159497,,,,,0.0,3.0
1963-03-01,1.1269472986410234,,,,,0.0,2.98
1963-04-01,0.893743793445867,,,,,0.0,2.9
1963-05-01,0.8928571428571619,,,,,0.0,3.0
1963-06-01,1.3240648791790655,,,,,0.42553191489362874,2.99
1963-07-01,1.5552614162806178,,,,,0.0,3.02
1963-08-01,1.5521796565389767,,,,,-1.6949152542372947,3.49
1963-09-01,0.9861932938855844,,,,,0.0,3.48
1963-10-01,1.2179065174456882,,,,,0.42553191489362874,3.5
1963-11-01,1.3166556945358954,,,,,-0.423728813559332,3.48
1963-12-01,1.6458196181698526,,,,,0.42553191489362874,3.38
1964-01-01,1.6425755584756896,,,,,-0.423728813559332,3.48
1964-02-01,1.4107611548556331,,,,,-1.7021276595744594,3.48
1964-03-01,1.4093739757456536,,,,,-0.42553191489361764,3.43
1964-04-01,1.5419947506561726,,,,,0.0,3.47
1964-05-01,1.5404785316289749,,,,,0.42553191489362874,3.5
1964-06-01,1.3067624959163693,,,,,0.0,3.5
1964-07-01,1.0752688172043001,,,,,-0.423728813559332,3.42
1964-08-01,0.9756097560975618,,,,,1.7241379310344973,3.5
1964-09-01,1.171875,,,,,0.42553191489362874,3.45
1964-10-01,1.2032520325203189,,,,,0.0,3.36
1964-11-01,1.3970110461338558,,,,,0.42553191489362874,3.52
1964-12-01,1.1981865284974136,,,,,0.0,3.85
1965-01-01,1.098901098901095,,,,,0.0,3.9
1965-02-01,1.1970236169524417,,,,,1.7316017316017174,3.98
1965-03-01,1.1958629605688387,,,,,0.42735042735042583,4.05
1965-04-01,1.3893376413570246,,,,,0.0,4.09
1965-05-01,1.6139444803098701,,,,,-0.423728813559332,4.1
1965-06-01,1.9348597226700903,,,,,-0.423728813559332,4.05
1965-07-01,1.8052869116698789,,,,,-0.8510638297872353,4.09
1965-08-01,1.6103059581320522,,,,,-0.423728813559332,4.12
1965-09-01,1.737451737451745,,,,,-0.423728813559332,4.02
1965-10-01,1.7030848329048665,,,,,-0.423728813559332,4.08
1965-11-01,1.7302146747837144,,,,,-0.423728813559332,4.1
1965-12-01,1.9200000000000106,,,,,-0.423728813559332,4.32
1966-01-01,1.9181585677749302,,,,,0.0,4.42
1966-02-01,2.5575447570332477,,,,,0.42553191489362874,4.6
1966-03-01,2.7786649632705274,,,,,0.42553191489362874,4.66
1966-04-01,2.8680688336520044,,,,,0.42553191489362874,4.67
1966-05-01,2.763659466327839,,,,,0.42553191489362874,4.9
1966-06-01,2.4359379943056148,,,,,0.42553191489362874,5.17
1966-07-01,2.754908169727699,,,,,1.2875536480686733,5.3
1966-08-01,3.4865293185419866,,,,,0.42553191489362874,5.53
1966-09-01,3.5736875395319334,,,,,0.42553191489362874,5.4
1966-10-01,3.791469194312813,,,,,0.42553191489362874,5.53
1966-11-01,3.5590551181102548,,,,,0.42553191489362874,5.76
1966-12-01,3.3594976452119285,,,,,0.0,5.4
1967-01-01,3.19949811794229,,,,,0.42553191489362874,4.94
1967-02-01,2.8678304239401653,,,,,0.0,5.0
1967-03-01,2.5481665630826544,,,,,0.0,4.53
1967-04-01,2.5402726146220633,,,,,-0.423728813559332,4.05
1967-05-01,2.3183925811437467,,,,,0.0,3.94
1967-06-01,2.8412600370598895,,,,,0.0,3.98
1967-07-01,2.9275808936825687,,,,,0.4237288135593209,3.79
1967-08-01,2.6033690658499253,,,,,0.4237288135593209,3.9
1967-09-01,2.595419847328251,,,,,0.8474576271186418,3.99
1967-10-01,2.5875190258751957,,,,,1.2711864406779627,3.88
1967-11-01,3.10218978102188,,,,,0.8474576271186418,4.13
1967-12-01,3.280680437424044,,,,,0.8510638297872353,4.51
1968-01-01,3.647416413373872,,,2.011494252873569,,0.4237288135593209,4.61
1968-02-01,3.6363636363636376,,,2.8818443804034644,,0.8474576271186418,4.71
1968-03-01,3.9393939393939315,,,3.170028818443793,,0.8474576271186418,5.05
1968-04-01,3.92749244712991,,,4.046242774566466,,1.276595744680864,5.76
1968-05-01,4.229607250755274,,,4.335260115606943,,0.8474576271186418,6.12
1968-06-01,4.2042042042042205,,,3.4383954154727947,,1.2711864406779627,6.07
1968-07-01,4.491017964071853,,,3.4285714285714475,,1.2658227848101333,6.03
1968-08-01,4.477611940298498,,,3.124999999999978,,1.2658227848101333,6.03
1968-09-01,4.464285714285721,,,3.693181818181812,,0.42016806722688926,5.78
1968-10-01,4.7477744807121525,,,4.249291784702547,,0.0,5.91
1968-11-01,4.424778761061954,,,3.9548022598870025,,0.8403361344537785,5.82
1968-12-01,4.705882352941182,,,4.225352112676051,,1.2658227848101333,6.02
1969-01-01,4.692082111436946,,,4.225352112676051,,1.2658227848101333,6.3
1969-02-01,4.678362573099393,,,3.6414565826330403,,0.8403361344537785,6.61
1969-03-01,5.247813411078739,,,3.6312849162011274,,0.8403361344537785,6.79
1969-04-01,5.523255813953476,,,3.888888888888875,,1.2605042016806678,7.41
1969-05-01,5.507246376811592,,,4.155124653739617,,1.680672268907557,8.67
1969-06-01,5.475504322766556,,,5.263157894736836,,1.673640167364021,8.9
1969-07-01,5.4441260744985565,,,5.524861878453047,,1.2499999999999956,8.61
1969-08-01,5.428571428571427,,,5.785123966942152,,1.6666666666666607,9.19
1969-09-01,5.698005698005693,,,5.753424657534256,,2.5104602510460206,9.15
1969-10-01,5.665722379603411,,,5.163043478260887,,2.9288702928870425,9.0
1969-11-01,5.932203389830515,,,6.250000000000022,,2.9166666666666563,8.85
1969-12-01,5.89887640449438,,,6.756756756756754,,3.3333333333333437,8.97
1970-01-01,6.162464985994376,,,7.027027027027022,,3.3333333333333437,8.98
1970-02-01,6.424581005586605,,,7.567567567567557,,3.7499999999999867,8.98
1970-03-01,6.094182825484751,,,7.277628032344996,,4.166666666666674,7.76
1970-04-01,6.060606060606077,,,6.68449197860963,,4.149377593361003,8.1
1970-05-01,6.043956043956045,,,6.64893617021276,,4.132231404958686,7.95
1970-06-01,6.010928961748618,,,5.52631578947369,,3.703703703703698,7.61
1970-07-01,5.7065217391304435,,,5.235602094240832,,4.115226337448563,7.21
1970-08-01,5.691056910569103,,,4.687500000000022,,4.508196721311486,6.62
1970-09-01,5.660377358490565,,,4.663212435233155,,4.489795918367356,6.29
1970-10-01,5.630026809651478,,,4.6511627906976605,,5.284552845528445,6.2
1970-11-01,5.600000000000005,,,3.324808184143224,,5.263157894736836,5.6
1970-12-01,5.570291777188308,,,2.5316455696202445,,5.645161290322576,4.9
1971-01-01,5.277044854881274,,,2.2727272727272707,,6.048387096774199,4.14
1971-02-01,4.724409448818889,,,1.7587939698492594,,6.8273092369478094,3.72
1971-03-01,4.438642297650142,,,2.7638190954773822,,6.800000000000006,3.71
1971-04-01,4.155844155844157,,,3.007518796992481,,6.7729083665338585,4.16
1971-05-01,4.404145077720201,,,2.9925187032418865,,6.746031746031744,4.63
1971-06-01,4.381443298969079,,,3.4912718204488824,,7.539682539682557,4.91
1971-07-01,4.370179948586128,,,3.482587064676612,,7.905138339920947,5.31
1971-08-01,4.358974358974366,,,3.482587064676612,,7.843137254901955,5.57
1971-09-01,4.081632653061207,,,2.970297029702973,,7.421875,5.55
1971-10-01,3.8071065989847774,,,2.9629629629629672,,6.563706563706573,5.2
1971-11-01,3.535353535353525,,,3.712871287128716,,6.153846153846154,4.91
1971-12-01,3.266331658291466,,,4.444444444444429,,6.488549618320616,4.14
1972-01-01,3.2581453634085378,,,4.197530864197541,,6.844106463878319,3.51
1972-02-01,3.759398496240607,,,5.185185185185182,,5.63909774436091,3.3
1972-03-01,3.499999999999992,,,4.1564792176039145,,5.243445692883908,3.83
1972-04-01,3.4912718204488824,,,3.649635036496357,,5.223880597014929,4.17
1972-05-01,3.2258064516129226,,,3.3898305084745894,,5.576208178438669,4.27
1972-06-01,2.9629629629629672,,,3.1325301204819134,,5.166051660516602,4.46
1972-07-01,2.9556650246305383,,,3.605769230769229,,4.761904761904767,4.55
1972-08-01,2.9484029484029284,,,3.605769230769229,,4.3636363636363695,4.81
1972-09-01,3.1862745098039325,,,4.567307692307687,,4.3636363636363695,4.87
1972-10-01,3.1784841075794823,,,4.796163069544357,,4.710144927536231,5.05
1972-11-01,3.4146341463414664,,,4.7732696897374804,,5.072463768115942,5.06
1972-12-01,3.406326034063256,,,4.255319148936176,,3.942652329749108,5.33
1973-01-01,3.6407766990291357,,,6.16113744075828,,4.2704626334519435,5.94
1973-02-01,3.864734299516903,,,6.8075117370892,,4.2704626334519435,6.58
1973-03-01,4.8309178743961345,,,9.154929577464777,,4.2704626334519435,7.09
1973-04-01,5.301204819277117,,,10.7981220657277,,4.6099290780141855,7.12
1973-05-01,5.528846153846145,,,11.943793911007017,,4.225352112676073,7.84
1973-06-01,5.995203836930463,,,12.850467289719635,,4.210526315789465,8.49
1973-07-01,5.741626794258381,,,12.296983758700698,,4.195804195804187,10.4
1973-08-01,7.398568019093088,,,18.09744779582365,,4.529616724738683,10.5
1973-09-01,7.3634204275534465,,,17.01149425287356,,4.878048780487809,10.78
1973-10-01,8.056872037914697,,,17.162471395881006,,5.190311418685112,10.01
1973-11-01,8.25471698113207,,,17.995444191343957,,6.20689655172415,10.03
1973-12-01,8.94117647058823,,,18.594104308390015,,6.896551724137923,9.95
1974-01-01,9.601873536299754,,,18.08035714285714,,8.19112627986347,9.65
1974-02-01,9.999999999999986,,,18.681318681318682,,10.23890784982935,8.97
1974-03-01,10.138248847926267,,,17.204301075268823,,11.945392491467555,9.35
1974-04-01,10.068649885583515,,,15.254237288135574,,13.220338983050839,10.51
1974-05-01,10.70615034168565,,,14.644351464435147,,14.527027027027017,11.31
1974-06-01,10.859728506787313,,,13.664596273291929,,15.15151515151516,11.93
1974-07-01,11.538461538461519,,,13.223140495867769,,16.10738255033557,12.92
1974-08-01,10.888888888888882,,,9.037328094302556,,17.666666666666654,12.01
1974-09-01,11.946902654867241,,,11.198428290766206,,18.60465116279071,11.34
1974-10-01,11.842105263157897,,,11.71875,,18.75,10.06
1974-11-01,12.200435729847502,,,11.776061776061786,,18.831168831168842,9.45
1974-12-01,12.095032397408211,,,12.045889101338435,,19.67741935483871,8.53
1975-01-01,11.752136752136755,,,11.153119092627595,,20.189274447949536,7.13
1975-02-01,11.205073995771686,,,9.259259259259256,,19.504643962848323,6.24
1975-03-01,10.460251046025103,,,8.073394495412845,,17.987804878048806,5.54
1975-04-01,10.187110187110182,,,8.088235294117641,,17.664670658682624,5.49
1975-05-01,9.259259259259256,,,7.664233576642343,,16.519174041297944,5.22
1975-06-01,9.183673469387754,,,8.561020036429866,,16.66666666666665,5.55
1975-07-01,9.533468559837743,,,10.58394160583942,,15.895953757225435,6.1
1975-08-01,8.617234468937895,,,9.369369369369384,,14.44759206798867,6.14
1975-09-01,7.905138339920947,,,7.773851590105996,,15.126050420168058,6.24
1975-10-01,7.647058823529407,,,7.692307692307687,,14.404432132963985,5.82
1975-11-01,7.37864077669903,,,7.081174438687388,,15.02732240437159,5.22
1975-12-01,7.129094412331405,,,6.3139931740614275,,14.82479784366577,5.2
1976-01-01,6.692160611854692,,,5.7823129251700855,,12.598425196850393,4.87
1976-02-01,6.273764258555126,,,4.406779661016946,,12.694300518134716,4.77
1976-03-01,6.060606060606055,,,4.074702886247872,,12.66149870801032,4.84
1976-04-01,5.849056603773595,,,4.251700680272119,,11.45038167938932,4.82
1976-05-01,6.214689265536721,,,4.406779661016946,,11.139240506329106,5.29
1976-06-01,5.981308411214958,,,3.523489932885915,,10.025062656641603,5.48
1976-07-01,5.555555555555558,,,2.310231023102305,,10.473815461346625,5.31
1976-08-01,5.719557195571956,,,2.471169686985175,,10.643564356435654,5.29
1976-09-01,5.494505494505497,,,2.4590163934426146,,9.97566909975669,5.25
1976-10-01,5.464480874316946,,,1.9480519480519431,,10.653753026634405,5.02
1976-11-01,5.063291139240511,,,1.2903225806451646,,11.401425178147262,4.95
1976-12-01,5.035971223021574,,,0.9630818619582593,,12.910798122065724,4.65
1977-01-01,5.197132616487465,,,1.4469453376205754,,14.685314685314687,4.61
1977-02-01,6.082289803220031,,,4.220779220779214,,13.33333333333333,4.68
1977-03-01,6.428571428571428,,,5.220228384991854,,14.449541284403654,4.69
1977-04-01,6.951871657754016,,,6.362153344208821,,14.155251141552515,4.73
1977-05-01,6.737588652482285,,,6.331168831168821,,13.211845102505704,5.35
1977-06-01,6.701940035273357,,,6.807131280388989,,12.98405466970387,5.39
1977-07-01,6.666666666666665,,,6.612903225806432,,13.318284424379257,5.42
1977-08-01,6.631762652705064,,,6.7524115755627,,13.422818791946312,5.9
1977-09-01,6.423611111111094,,,6.559999999999988,,12.831858407079633,6.14
1977-10-01,6.390328151986191,,,6.369426751592355,,12.035010940919033,6.47
1977-11-01,6.712564543889843,,,7.32484076433122,,12.366737739872068,6.51
1977-12-01,6.67808219178081,,,7.313195548489659,,9.355509355509351,6.56
1978-01-01,6.814310051107331,,,7.923930269413626,,6.5040650406503975,6.7
1978-02-01,6.2394603709949426,,,7.1651090342679025,,7.707910750507119,6.78
1978-03-01,6.375838926174482,,,7.906976744186034,,7.615230460921851,6.79
1978-04-01,6.499999999999995,,,8.435582822085896,,8.599999999999985,6.89
1978-05-01,7.14285714285714,,,9.465648854961838,,10.462776659959761,7.36
1978-06-01,7.438016528925617,,,10.470409711684358,,10.685483870967726,7.6
1978-07-01,7.7302631578947345,,,10.590015128593034,,9.5617529880478,7.81
1978-08-01,7.855973813420625,,,10.542168674698793,,8.678500986193294,8.04
1978-09-01,8.482871125611746,,,10.660660660660671,,8.627450980392148,8.45
1978-10-01,8.92857142857142,,,11.227544910179631,,9.5703125,8.96
1978-11-01,8.870967741935477,,,10.979228486646875,,6.451612903225801,9.76
1978-12-01,8.988764044943842,,,11.407407407407423,,7.414448669201512,10.03
1979-01-01,9.250398724082931,,,12.334801762114544,,9.35114503816794,10.07
1979-02-01,9.84126984126985,,,12.936046511627918,,8.851224105461375,10.06
1979-03-01,10.252365930599371,,,12.643678160919558,,8.379888268156432,10.09
1979-04-01,10.485133020344284,,,11.5983026874116,,7.734806629834257,10.01
1979-05-01,10.697674418604652,,,11.15760111576012,,7.468123861566478,10.24
1979-06-01,11.076923076923073,,,9.8901098901099,,9.289617486338809,10.29
1979-07-01,11.45038167938932,,,9.98632010943914,,10.72727272727272,10.47
1979-08-01,11.836115326251884,,,9.400544959128055,,12.159709618874759,10.94
1979-09-01,11.879699248120312,,,9.76933514246947,,12.8158844765343,11.43
1979-10-01,12.071535022354718,,,9.690444145356668,,13.36898395721926,13.77
1979-11-01,12.592592592592599,,,9.75935828877006,,14.081996434937615,13.18
1979-12-01,13.254786450662737,,,10.106382978723394,,15.04424778761062,13.78
1980-01-01,13.868613138686126,,,8.888888888888879,,14.310645724258286,13.82
1980-02-01,14.161849710982644,,,7.3359073359073435,,15.743944636678208,14.13
1980-03-01,14.592274678111572,,,7.270408163265296,,16.494845360824726,17.19
1980-04-01,14.589235127478762,,,7.22433460076044,,17.606837606837612,17.61
1980-05-01,14.425770308123242,,,6.900878293600998,,18.81355932203388,10.98
1980-06-01,14.265927977839322,,,7.1250000000000036,,18.833333333333325,9.47
1980-07-01,13.15068493150684,,,7.587064676616917,,18.7192118226601,9.03
1980-08-01,12.890094979647216,,,9.464508094645097,,18.122977346278326,9.61
1980-09-01,12.768817204301076,,,9.888751545117437,,17.599999999999994,10.87
1980-10-01,12.632978723404253,,,9.938650306748453,,16.19496855345912,12.81
1980-11-01,12.631578947368416,,,10.353227771010953,,16.40625,15.85
1980-12-01,12.353706111833551,,,10.144927536231885,,16.000000000000014,18.9
1981-01-01,11.794871794871797,,,9.843937575030015,,16.488549618320604,19.08
1981-02-01,11.392405063291132,,,10.311750599520387,,15.844544095665158,15.93
1981-03-01,10.611735330836458,,,9.98810939357908,,15.19174041297935,14.7
1981-04-01,10.135970333745359,,,9.456264775413704,,15.116279069767447,15.72
1981-05-01,9.79192166462668,,,8.80281690140845,,13.980028530670484,18.52
1981-06-01,9.696969696969692,,,8.634772462077,,13.464235624123443,19.1
1981-07-01,10.774818401937058,,,8.439306358381504,,13.554633471645916,19.04
1981-08-01,10.817307692307686,,,7.281001137656418,,13.835616438356158,17.82
1981-09-01,10.96543504171632,,,6.524184476940387,,14.28571428571428,15.87
1981-10-01,10.271546635182993,,,5.803571428571441,,13.802435723951278,15.08
1981-11-01,9.579439252336464,,,4.856512141280356,,15.167785234899323,13.31
1981-12-01,8.912037037037024,,,4.385964912280693,,14.588859416445633,12.37
1982-01-01,8.25688073394495,,,4.371584699453557,,15.465268676277844,13.22
1982-02-01,7.613636363636367,,,4.565217391304355,,14.193548387096765,14.78
1982-03-01,6.884875846501148,,,3.8918918918918965,,15.2368758002561,14.68
1982-04-01,6.621773288439958,,,3.995680345572361,,14.39393939393938,14.94
1982-05-01,6.911928651059096,,,4.746494066882412,,14.768460575719654,14.45
1982-06-01,7.182320441988943,,,5.2631578947368585,,13.844252163164384,14.15
1982-07-01,6.557377049180335,,,4.584221748400852,,12.545676004872131,12.59
1982-08-01,5.965292841648595,,,3.8176033934252507,,11.79302045728039,10.12
1982-09-01,4.940923737916236,,,3.484688489968324,,12.023809523809526,10.31
1982-10-01,5.032119914346889,,,3.4810126582278444,,14.744351961950075,9.71
1982-11-01,4.47761194029852,,,3.368421052631576,,13.752913752913742,9.2
1982-12-01,3.825717321997879,,,3.046218487394947,,14.120370370370349,8.95
1983-01-01,3.7076271186440746,,,2.617801047120416,,12.485811577752548,8.68
1983-02-01,3.484688489968324,,,2.079002079002068,,12.429378531073443,8.51
1983-03-01,3.5902851108764455,,,2.809573361082207,,11.222222222222221,8.77
1983-04-01,4.0000000000000036,,,3.011422637590866,,11.368653421633557,8.8
1983-05-01,3.44108446298228,,,2.471678681771383,,10.141766630316251,8.63
1983-06-01,2.4742268041237248,,,1.6326530612244872,,9.337676438653641,8.98
1983-07-01,2.358974358974364,,,1.5290519877675823,,9.523809523809511,9.37
1983-08-01,2.456499488229258,,,1.7364657814095796,,8.396124865446719,9.56
1983-09-01,2.763561924257929,,,2.0408163265306145,,7.438894792773643,9.45
1983-10-01,2.752293577981657,,,2.2426095820591296,,5.4922279792746,9.48
1983-11-01,3.1632653061224536,,,2.1384928716904117,,5.122950819672134,9.34
1983-12-01,3.7871033776867957,,,2.548419979612637,,4.361054766734296,9.47
1984-01-01,4.290091930541351,,,3.9795918367347083,,3.3299697275479323,9.56
1984-02-01,4.693877551020398,,,4.378818737270862,,3.5175879396984966,9.59
1984-03-01,4.892966360856277,,,4.048582995951411,,2.897102897102899,9.91
1984-04-01,4.5546558704453455,,,3.629032258064502,,2.874132804757168,10.29
1984-05-01,4.3346774193548265,,,3.1155778894472297,,2.970297029702973,10.32
1984-06-01,4.325955734406439,,,3.4136546184738936,,2.9791459781529195,11.06
1984-07-01,4.308617234468937,,,3.6144578313253017,,4.051383399209474,11.23
1984-08-01,4.295704295704317,,,4.216867469879526,,5.263157894736836,11.64
1984-09-01,4.2828685258964105,,,3.699999999999992,,5.637982195845703,11.3
1984-10-01,4.265873015873023,,,3.589232303090739,,4.715127701375232,9.99
1984-11-01,4.154302670623156,,,3.688933200398803,,4.093567251461994,9.43
1984-12-01,4.043392504930954,,,3.7773359840954424,,3.498542274052463,8.38
1985-01-01,3.52595494613126,,,2.5515210991167825,,4.101562499999978,8.35
1985-02-01,3.6062378167641462,,,2.4390243902439046,,3.398058252427183,8.5
1985-03-01,3.790087463556846,,,2.529182879377445,,3.9805825242718473,8.58
1985-04-01,3.581800580832528,,,2.4319066147859836,,3.3718689788053924,8.27
1985-05-01,3.5748792270531515,,,2.4366471734892814,,3.173076923076912,7.97
1985-06-01,3.6644165863066513,,,2.3300970873786353,,3.182256509161041,7.53
1985-07-01,3.458213256484166,,,2.131782945736438,,1.5194681861348647,7.88
1985-08-01,3.3524904214559337,,,1.6377649325626242,,0.09433962264151496,7.9
1985-09-01,3.2473734479465,,,1.928640308582441,,-0.1872659176029967,7.92
1985-10-01,3.2350142721217834,,,1.9249278152069227,,-0.37523452157597337,7.99
1985-11-01,3.5137701804368593,,,2.4038461538461453,,-0.655430711610494,8.05
1985-12-01,3.791469194312791,,,2.777777777777768,,-0.28169014084507005,8.27
1986-01-01,3.9735099337748325,,,2.8708133971291794,,-0.18761726078798668,8.14
1986-02-01,3.19849482596426,,,2.285714285714291,,0.1877934272300541,7.86
1986-03-01,2.1535580524344455,,,2.0872865275142205,,-0.7469654528478031,7.48
1986-04-01,1.5887850467289688,,,2.3741690408357163,,-1.491146318732517,6.99
1986-05-01,1.679104477611948,,,2.949571836346343,,-1.9571295433364333,6.85
1986-06-01,1.7674418604651132,,,2.751423149905108,,-0.37383177570093906,6.92
1986-07-01,1.671309192200554,,,3.5104364326375537,,-1.3096351730589428,6.56
1986-08-01,1.575532900834098,,,4.2654028436019065,,-0.18850141376058893,6.17
1986-09-01,1.757631822386685,,,4.16272469252601,,-1.2195121951219523,5.89
1986-10-01,1.5668202764977046,,,4.249291784702547,,-2.5423728813559365,5.85
1986-11-01,1.2844036697247763,,,4.225352112676051,,-3.1102733270499505,6.04
1986-12-01,1.187214611872145,,,3.727865796831309,,-3.2015065913371,6.91
1987-01-01,1.364877161055511,,,4.0930232558139545,,-2.4436090225564033,6.43
1987-02-01,1.9143117593436676,,,4.469273743016755,,-3.0927835051546393,6.1
1987-03-01,2.8414298808432603,,,4.460966542750944,,-2.539981185324558,6.13
1987-04-01,3.679852805887762,,,4.45269016697587,,-2.6490066225165587,6.37
1987-05-01,3.669724770642202,,,4.621072088724576,,-1.8060836501901156,6.85
1987-06-01,3.7477148080438782,,,5.078485687903966,,-1.8761726078799223,6.73
1987-07-01,3.926940639269394,,,4.21631530705775,,-1.4218009478673022,6.58
1987-08-01,4.2883211678832245,,,3.5454545454545405,,-1.1331444759206777,6.73
1987-09-01,4.2727272727272725,,,3.9055404178020003,,-0.3798670465337106,7.22
1987-10-01,4.355716878402904,,,3.80434782608694,,-0.19323671497585293,7.29
1987-11-01,4.528985507246386,,,3.3333333333333437,,1.1673151750972721,6.69
1987-12-01,4.332129963898912,,,3.5040431266846417,,0.8754863813229541,6.77
1988-01-01,4.129263913824044,,,3.3065236818587973,,-0.385356454720609,6.83
1988-02-01,3.9355992844364973,,,3.1194295900178304,,0.09671179883945502,6.58
1988-03-01,3.832442067736186,,,3.1138790035587283,,-0.09652509652509078,6.58
1988-04-01,3.9929015084294583,,,3.4635879218472443,,0.9718172983479212,6.87
1988-05-01,3.9823008849557473,,,3.2685512367491176,,0.0,7.09
1988-06-01,3.96475770925111,,,3.3391915641476144,,-0.19120458891012104,7.51
1988-07-01,4.130052724077338,,,4.485488126649062,,0.5769230769230749,7.75
1988-08-01,4.111986001749779,,,4.828797190518008,,0.0,8.01
1988-09-01,4.184829991281602,,,4.895104895104896,,0.4766444232602529,8.19
1988-10-01,4.260869565217407,,,4.973821989528804,,2.9041626331074433,8.3
1988-11-01,4.246100519930662,,,5.0566695727986,,2.3076923076923217,8.35
1988-12-01,4.4117647058823595,,,5.03472222222221,,2.6036644165863043,8.76
1989-01-01,4.482758620689653,,,5.103806228373697,,3.1914893617021267,9.12
1989-02-01,4.647160068846801,,,5.7044079515989665,,2.60869565217392,9.36
1989-03-01,4.892703862660941,,,6.212251941328728,,2.898550724637672,9.85
1989-04-01,5.034129692832767,,,6.180257510729614,,3.0798845043310763,9.84
1989-05-01,5.276595744680845,,,6.586826347305386,,3.581800580832528,9.81
1989-06-01,5.1694915254237195,,,6.207482993197289,,2.6819923371647514,9.53
1989-07-01,5.063291139240511,,,5.555555555555558,,3.154875717017225,9.24
1989-08-01,4.621848739495804,,,5.276381909547734,,3.4383954154727725,8.99
1989-09-01,4.435146443514637,,,5.083333333333329,,2.4667931688804545,9.02
1989-10-01,4.587155963302747,,,5.320033250207823,,1.881467544684856,8.84
1989-11-01,4.655029093931851,,,5.560165975103737,,2.0676691729323293,8.55
1989-12-01,4.639602319801162,,,5.5371900826446385,,2.3496240601503793,8.45
1990-01-01,5.198019801980203,,,6.502057613168732,,1.7806935332708385,8.23
1990-02-01,5.263157894736836,,,6.704824202780046,,3.201506591337089,8.24
1990-03-01,5.237315875613735,,,6.173842404549146,,2.9107981220657164,8.28
1990-04-01,4.711616571892785,,,5.5780113177041235,,1.9607843137255054,8.26
1990-05-01,4.365400161681476,,,5.0561797752809,,1.5887850467289688,8.18
1990-06-01,4.673650282030639,,,5.5244195356285,,2.0522388059701413,8.29
1990-07-01,4.819277108433728,,,5.661881977671457,,0.7414272474513428,8.15
1990-08-01,5.702811244979911,,,5.727923627684972,,0.5540166204986319,8.13
1990-09-01,6.169871794871806,,,5.709754163362435,,1.2962962962963065,8.2
1990-10-01,6.379585326953752,,,5.6037884767166535,,1.0156971375808066,8.11
1990-11-01,6.195393169181873,,,5.503144654088032,,1.5653775322283625,7.81
1990-12-01,6.254948535233562,,,5.168363351605332,,1.1937557392102782,7.31
1991-01-01,5.647058823529405,,,4.482225656877881,,3.4990791896869267,6.91
1991-02-01,5.312500000000009,,,3.984674329501914,,2.9197080291970767,6.25
1991-03-01,4.821150855365497,,,3.978576893649599,,2.828467153284686,6.12
1991-04-01,4.809930178432875,,,4.594180704441042,,2.3809523809523725,5.91
1991-05-01,5.034856700232382,,,4.736440030557665,,3.4958601655933785,5.78
1991-06-01,4.695919938414161,,,4.552352048558417,,2.010968921389389,5.9
1991-07-01,4.367816091954024,,,3.5471698113207495,,3.4958601655933785,5.82
1991-08-01,3.7993920972644313,,,2.934537246049662,,2.846648301193744,5.66
1991-09-01,3.396226415094339,,,2.775693923480871,,2.925045703839113,5.45
1991-10-01,2.8485757121439192,,,2.3168908819132916,,3.4734917733089565,5.21
1991-11-01,3.0665669409125185,,,2.3845007451565037,,2.8105167724388203,4.81
1991-12-01,2.980625931445613,,,2.4571854058078824,,3.4482758620689724,4.43
1992-01-01,2.672605790645899,,,1.5532544378698443,,1.1565836298932375,4.03
1992-02-01,2.8189910979228294,,,1.547531319086226,,0.6205673758865382,4.06
1992-03-01,3.189910979228472,,,1.7660044150110465,,0.4436557231588312,3.98
1992-04-01,3.1828275351591495,,,1.171303074670571,,1.878354203935606,3.73
1992-05-01,3.0235988200590036,,,0.729394602479938,,1.4222222222222136,3.82
1992-06-01,3.0147058823529305,,,0.4354136429608024,,2.5985663082437327,3.76
1992-07-01,3.1571218795888534,,,0.8017492711370533,,1.866666666666661,3.25
1992-08-01,3.0746705710102518,,,1.6812865497075835,,2.499999999999991,3.3
1992-09-01,2.9927007299270114,,,1.9708029197080146,,2.486678507992912,3.22
1992-10-01,3.279883381924198,,,2.0452885317750136,,2.1201413427561766,3.1
1992-11-01,3.1204644412191396,,,1.6011644832605532,,3.0864197530864113,3.09
1992-12-01,2.966714905933454,,,1.4534883720930258,,2.7192982456140324,2.92
1993-01-01,3.2537960954446943,,,1.966496722505462,,2.726473175021993,3.02
1993-02-01,3.2467532467532534,,,1.8867924528301883,,1.497797356828201,3.03
1993-03-01,3.0194104960460155,,,1.5184381778741818,,3.445229681978801,3.07
1993-04-01,3.1563845050215145,,,1.881331403762676,,3.336259877085168,2.96
1993-05-01,3.2211882605583497,,,2.606806661839234,,3.856266432953559,3.0
1993-06-01,2.9978586723768963,,,2.1676300578034713,,3.9301310043668103,3.04
1993-07-01,2.8469750889679624,,,2.2415039768618916,,4.013961605584648,3.06
1993-08-01,2.840909090909083,,,2.0129403306973437,,4.094076655052259,3.03
1993-09-01,2.7639971651311157,,,1.717967072297788,,3.8994800693240794,3.09
1993-10-01,2.752293577981657,,,2.1474588403722183,,3.806228373702436,2.99
1993-11-01,2.7445460942997935,,,2.4355300859598916,,2.138579982891353,3.02
1993-12-01,2.8109627547435068,,,2.7936962750716443,,2.1349274124679685,2.96
1994-01-01,2.450980392156854,,,2.571428571428558,,1.9691780821917693,3.05
1994-02-01,2.515723270440251,,,2.136752136752129,,3.90625,3.25
1994-03-01,2.6517794836008246,,,2.136752136752129,,2.818104184457737,3.34
1994-04-01,2.364394993045882,,,2.059659090909083,,1.6142735768903904,3.56
1994-05-01,2.288488210818307,,,1.6231474947071334,,0.6751054852320637,4.01
1994-06-01,2.494802494802495,,,2.121640735502117,,0.08403361344537785,4.25
1994-07-01,2.69896193771626,,,2.6874115983026803,,0.0,4.26
1994-08-01,2.900552486187835,,,2.607470049330507,,-0.08368200836819106,4.47
1994-09-01,2.965517241379323,,,2.603800140745971,,-0.8340283569641338,4.73
1994-10-01,2.609890109890123,,,2.1723896285914757,,-1.1666666666666714,4.76
1994-11-01,2.602739726027403,,,2.2377622377622197,,-0.41876046901172526,5.29
1994-12-01,2.597402597402576,,,2.5783972125435373,,-0.8361204013377921,5.45
1995-01-01,2.8708133971291794,,,2.506963788300842,,0.16792611251050804,5.53
1995-02-01,2.862985685071595,,,2.998605299860513,,-0.25062656641603454,5.92
1995-03-01,2.7872195785180187,,,2.8591352859135277,,-0.830564784053156,5.98
1995-04-01,3.125000000000022,,,3.3402922755741304,,-0.33444816053510573,6.05
1995-05-01,3.1186440677966054,,,3.2638888888888884,,-0.5867560771165126,6.01
1995-06-01,3.0425963488843744,,,3.0470914127423754,,-0.25188916876573986,6.0
1995-07-01,2.8301886792452713,,,2.6170798898071723,,-0.3355704697986628,5.85
1995-08-01,2.6174496644295386,,,2.4038461538461453,,0.41876046901172526,5.74
1995-09-01,2.54521098459477,,,2.6063100137174056,,-0.5887300252312877,5.8
1995-10-01,2.7443105756358666,,,2.8806584362139898,,0.6745362563237878,5.76
1995-11-01,2.603471295060067,,,2.59917920656636,,0.2523128679562614,5.8
1995-12-01,2.5316455696202667,,,2.1059782608695787,,0.8431703204047292,5.6
1996-01-01,2.7906976744185963,,,2.44565217391306,,0.6705783738474302,5.56
1996-02-01,2.717031146454607,,,2.369668246445489,,1.2562814070351758,5.22
1996-03-01,2.8439153439153486,,,2.9830508474576245,,0.8375209380234505,5.31
1996-04-01,2.832674571805005,,,2.6936026936027035,,2.0134228187919323,5.22
1996-05-01,2.827087442472065,,,2.488231338264968,,2.95109612141653,5.24
1996-06-01,2.8215223097112663,,,3.0241935483870996,,1.85185185185186,5.27
1996-07-01,2.8833551769331667,,,3.2214765100671228,,3.0303030303030276,5.4
1996-08-01,2.8122956180510084,,,3.4875922199866016,,2.5854879065888126,5.22
1996-09-01,3.0045721750489918,,,3.609625668449201,,3.891708967851093,5.3
1996-10-01,3.0618892508143203,,,3.9333333333333442,,2.7638190954773822,5.24
1996-11-01,3.2530904359141077,,,4.266666666666663,,3.3557046979865834,5.31
1996-12-01,3.378817413905133,,,4.191616766467043,,3.8461538461538547,5.29
1997-01-01,3.0381383322559907,,,3.6472148541114136,,5.245628642797673,5.25
1997-02-01,3.0322580645161246,,,3.7698412698412787,,4.7973531844499595,5.19
1997-03-01,2.7652733118971096,,,3.3574720210664877,,4.152823920265791,5.39
1997-04-01,2.434336963484962,,,2.9508196721311553,,2.5493421052631637,5.51
1997-05-01,2.237851662404089,,,3.083989501312323,,1.146601146601145,5.5
1997-06-01,2.233567326100827,,,2.6744944553163785,,3.057851239669418,5.56
1997-07-01,2.165605095541401,,,2.5357607282184613,,1.7156862745097978,5.52
1997-08-01,2.2900763358778775,,,2.5275437459494343,,0.6504065040650486,5.54
1997-09-01,2.21940393151554,,,2.1935483870967776,,1.791530944625408,5.54
1997-10-01,2.0859671302149163,,,1.7960230917254627,,2.037489812550941,5.5
1997-11-01,1.8903591682419618,,,1.662404092071612,,2.678571428571419,5.52
1997-12-01,1.6970458830924073,,,1.6602809706258048,,-0.08051529790661371,5.5
1998-01-01,1.6311166875784044,-11.011638316920324,0.42253521126760507,2.303262955854124,3.0684931506849367,-2.452531645569622,5.56
1998-02-01,1.440200375704448,-13.255184851217317,0.35137034434293835,1.9120458891013437,3.118161925601748,-4.025256511444364,5.51
1998-03-01,1.3767209011263937,-14.773776546629735,0.2812939521800395,1.974522292993619,3.053435114503822,-2.7910685805422664,5.49
1998-04-01,1.4383989993745905,-14.258555133079842,0.14025245441795509,2.0382165605095537,3.045133224578578,-1.9246190858059342,5.45
1998-05-01,1.6885553470919357,-9.911678115799816,0.21023125437982237,2.291534054742206,3.092783505154628,-0.9716599190283448,5.49
1998-06-01,1.6229712858926382,-9.883720930232565,0.4213483146067398,2.0330368487928796,2.9761904761904656,-2.4057738572574205,5.56
1998-07-01,1.74563591022443,-8.374384236453203,0.7022471910112404,2.0925808497146647,2.9141932002158644,-2.5702811244979973,5.54
1998-08-01,1.6169154228855787,-13.92045454545453,1.0548523206751037,2.0227560050569027,3.0172413793103425,-2.342487883683353,5.55
1998-09-01,1.4267990074441794,-16.093023255813954,0.7027406886858767,1.957070707070696,3.1182795698924792,-4.0000000000000036,5.51
1998-10-01,1.4860681114551078,-14.500941619585694,0.6320224719101208,2.331442974165099,3.0010718113612,-4.392971246006394,5.07
1998-11-01,1.4842300556586308,-14.093959731543626,0.561797752808979,2.327044025157221,3.1016042780748654,-5.138339920948621,4.83
1998-12-01,1.606922126081578,-15.198451113262346,1.1938202247190999,2.261306532663321,3.0399999999999983,-3.223207091055602,4.68
1999-01-01,1.6666666666666607,-12.474849094567409,1.2622720897615736,2.1888680425265816,2.817650186071252,-2.676399026763987,4.63
1999-02-01,1.6666666666666607,-11.226611226611228,0.7002801120448154,2.4390243902439046,2.7586206896551557,-0.9046052631578871,4.76
1999-03-01,1.7283950617283939,-4.767063921993486,0.42075736325384305,2.24859462835727,2.751322751322749,-1.2305168170631653,4.81
1999-04-01,2.281134401972884,9.090909090909083,0.770308123249297,2.309612983770304,2.796833773087082,-1.7170891251022002,4.74
1999-05-01,2.091020910209096,5.991285403050117,0.6293706293706292,2.177971375233345,2.684210526315778,-1.880621422730988,4.74
1999-06-01,1.9656019656019597,3.8709677419354716,0.6293706293706292,2.179327521793284,2.6274303730951187,-1.396877567789645,4.76
1999-07-01,2.1446078431372584,8.172043010752672,0.5578800557879848,2.111801242236022,2.726796014682753,-0.8244023083264662,4.99
1999-08-01,2.2643818849449104,16.391639163916373,0.20876826722338038,2.0446096654274992,2.6150627615062705,0.0,5.07
1999-09-01,2.629969418960254,21.286031042128606,0.976971388695036,2.2291021671826616,2.5547445255474255,1.6666666666666607,5.22
1999-10-01,2.56253813300793,20.70484581497798,1.046755059316129,1.908866995073888,2.6014568158168494,2.088554720133673,5.2
1999-11-01,2.6203534430225606,21.09375,0.8379888268156499,1.9053472649047443,2.6452282157676255,1.9166666666666554,5.42
1999-12-01,2.676399026763998,30.136986301369873,0.2081887578070818,1.9656019656019597,2.6397515527950333,1.0824313072439695,5.3
2000-01-01,2.792956891317555,33.56321839080461,-0.06925207756232066,1.6523867809057347,2.99896587383659,1.3333333333333197,5.45
2000-02-01,3.2179720704310855,43.325526932084315,0.3477051460361702,1.7704517704517642,2.994321115126497,2.15767634854771,5.73
2000-03-01,3.762135922330101,51.763367463026164,0.9776536312849249,2.0769700671960933,3.0895983522142068,2.408637873754138,5.85
2000-04-01,3.013863773357439,28.150406504065018,0.6949270326615631,2.0134228187919323,2.977412731006157,2.9950083194675514,6.02
2000-05-01,3.1325301204819134,27.54367934224049,0.6949270326615631,2.192448233861155,3.1266017426960557,3.166666666666673,6.27
2000-06-01,3.7349397590361377,39.64803312629401,0.5559416261292416,2.376599634369292,3.3794162826420893,5.833333333333335,6.53
2000-07-01,3.5992801439711952,33.0019880715706,0.4854368932039055,2.676399026763998,3.369065849923425,7.398171238570228,6.54
2000-08-01,3.3512866546977715,20.132325141776942,0.5555555555555536,2.792956891317555,3.567787971457692,6.699751861042169,6.5
2000-09-01,3.45649582836709,23.857404021937832,0.3455425017277136,2.604482132041186,3.50788002033553,7.786885245901631,6.52
2000-10-01,3.4503271861986873,22.35401459854014,0.06906077348065587,2.4773413897280827,3.498985801217036,9.492635024549934,6.51
2000-11-01,3.444180522565321,23.04147465437787,0.6925207756232732,2.3522316043425695,3.4360788276907472,9.157808667211786,6.51
2000-12-01,3.4360189573459543,16.140350877192986,0.6232686980609525,2.710843373493965,3.4291477559253547,12.520593080724861,6.4
2001-01-01,3.7212049616065945,14.199655765920816,0.8316008316008316,2.8898254063816964,3.4136546184738936,20.72368421052633,5.98
2001-02-01,3.529411764705892,6.781045751633963,0.9009009009008917,2.9994001199760145,3.5588972431077615,19.252640129975653,5.49
2001-03-01,2.9824561403508643,-4.797601199400303,0.6224066390041472,3.052064631956908,3.546453546453554,18.167072181670708,5.31
2001-04-01,3.2182562902282053,2.4583663758921404,0.41407867494822614,3.229665071770338,3.589232303090739,16.882067851373183,4.8
2001-05-01,3.5630841121495394,12.973408541498777,0.13802622498273465,3.0393325387365833,3.5785288270377746,17.932148626817444,4.21
2001-06-01,3.193960511033689,1.8532246108228234,0.3455425017277136,3.2738095238095344,3.714710252600306,14.881889763779533,3.97
2001-07-01,2.7214823393167498,-7.174887892376692,0.48309178743961567,3.1398104265402793,3.654320987654325,11.455108359133126,3.77
2001-08-01,2.7214823393167498,-4.248623131392593,0.06906077348065587,3.071470761961015,3.740157480314976,9.922480620155039,3.65
2001-09-01,2.5921658986175045,-2.9520295202952074,0.0,3.1286894923258535,3.7328094302554016,5.855513307984772,3.07
2001-10-01,2.127659574468077,-11.782252050708419,0.06901311249136732,3.3608490566037874,3.7236648701616915,1.7937219730941534,2.49
2001-11-01,1.894374282433997,-20.524344569288388,0.0,3.3588685916323024,3.9081582804103565,1.9475655430711614,2.09
2001-12-01,1.603665521191311,-23.640483383685805,-0.2064693737095724,2.75659824046921,3.998049731838127,-0.9516837481698293,1.82
2002-01-01,1.1958997722095743,-22.984174830444605,-0.7560137457044647,2.8671737858396718,3.9805825242718473,-8.446866485013626,1.73
2002-02-01,1.1363636363636465,-22.570772762050485,-0.9615384615384692,2.6208503203261513,4.065827686350443,-8.651226158038162,1.74
2002-03-01,1.3628620102214661,-14.173228346456689,-1.1683848797250818,2.5551684088269466,3.9073806078147477,-7.755662319835266,1.73
2002-04-01,1.643990929705219,-9.597523219814242,-0.9621993127147843,2.491309385863283,3.9461020211742026,-7.118175535590865,1.75
2002-05-01,1.2408347433727984,-16.191155492154063,-0.8959338387318994,2.0242914979757165,3.9347408829174535,-7.9452054794520555,1.75
2002-06-01,1.0692177827799743,-14.264919941775844,-0.9641873278236734,1.729106628242083,3.629417382999045,-8.498971898560658,1.75
2002-07-01,1.465614430665152,-3.7842190016103117,-1.3049450549450614,1.493394600804132,3.7160552644116107,-7.2916666666666625,1.73
2002-08-01,1.747463359639223,-0.8216926869350827,-0.6901311249137287,1.2607449856733455,3.6527514231498914,-5.853314527503528,1.74
2002-09-01,1.516002245929271,-7.604562737642584,-1.0330578512396715,1.3165426445334916,3.6931818181818343,-3.735632183908033,1.75
2002-10-01,2.0270270270270174,7.185122569737956,-1.172413793103444,0.96976611523103,3.684459140292873,-0.8810572687224627,1.75
2002-11-01,2.2535211267605604,18.850141376060314,-1.6506189821183015,1.1972633979475455,3.5260930888575404,-0.440852314474649,1.34
2002-12-01,2.4802705749718212,24.431256181998016,-1.586206896551734,1.4269406392694028,3.4692920768869984,0.8869179600886845,1.24
2003-01-01,2.757456387169399,35.12720156555773,-1.3850415512465353,1.0807736063708662,3.408029878618124,1.9345238095238138,1.24
2003-02-01,3.146067415730336,48.221343873517775,-1.4563106796116498,1.4188422247445986,3.1627906976744224,4.250559284116351,1.26
2003-03-01,3.025210084033625,37.24770642201833,-1.3908205841446475,1.3590033975084959,3.064066852367686,9.300595238095234,1.25
2003-04-01,2.175125488008911,16.01027397260275,-1.7349063150589816,1.2436404748445318,2.8703703703703676,8.92857142857142,1.26
2003-05-01,1.8941504178273005,3.319148936170224,-1.8776077885952813,1.7006802721088343,3.000923361034169,8.92857142857142,1.26
2003-06-01,1.948775055679297,3.5653650254668934,-1.8776077885952813,2.1529745042492943,2.9032258064516148,9.737827715355806,1.22
2003-07-01,2.055555555555544,6.192468619246871,-1.8093249826026447,2.093944538766279,2.893890675241173,9.588014981273417,1.01
2003-08-01,2.216066481994461,14.250207125103564,-2.154273801250861,2.4900962082625933,2.7002288329519564,9.737827715355806,1.03
2003-09-01,2.378318584070782,20.98765432098766,-2.435629784272786,2.5423728813559254,2.6940639269406486,10.223880597014912,1.01
2003-10-01,2.041942604856528,8.753943217665627,-2.512212142358705,2.9378531073446235,2.824601366742585,8.518518518518526,1.01
2003-11-01,1.9283746556473913,8.881839809674874,-2.5174825174825166,3.1549295774647934,2.6339691189827485,7.23247232472326,1.0
2003-12-01,2.0352035203520247,11.764705882352944,-2.3826208829712536,3.545301069217799,2.6280018124150484,6.813186813186811,0.98
2004-01-01,2.026286966046009,8.327299058653148,-2.17696629213483,3.489026449071475,2.5282167042889325,7.299270072992692,1.0
2004-02-01,1.688453159041381,1.4000000000000012,-1.9000703729767698,3.133743704532743,2.524797114517585,6.2231759656652175,1.01
2004-03-01,1.7400761283306032,1.7379679144384985,-1.5514809590973289,3.1843575418994297,2.837837837837842,0.0,1.0
2004-04-01,2.2925764192139875,9.446494464944655,-1.412429378531077,3.350083752093802,3.060306030603055,0.6830601092896238,1.0
2004-05-01,2.8977583378895444,28.336079077429986,-0.9922041105598911,3.957636566332212,2.8686687584043025,1.2295081967212962,1.0
2004-06-01,3.1676679410158393,32.295081967213115,-1.0630758327427325,3.660565723793674,3.0004478280340363,2.798634812286682,1.03
2004-07-01,2.939575394665228,25.768321513002345,-1.275690999291268,3.824833702882491,2.9017857142857206,3.622693096377305,1.26
2004-08-01,2.5474254742547275,15.59100797679478,-1.278409090909094,3.5339591385974645,2.8966131907308457,4.300341296928334,1.43
2004-09-01,2.5391680172879516,10.81632653061224,-0.5706134094151105,3.2506887052341726,2.9791018230324484,2.9113067027759065,1.61
2004-10-01,3.1909140075716547,26.61348803480783,0.0715819613457569,3.347969264544459,2.791315906070002,3.412969283276457,1.76
2004-11-01,3.621621621621607,32.04661325564457,0.5738880918220834,3.1676679410158393,2.8761061946902755,7.01995870612524,1.93
2004-12-01,3.3423180592991875,26.742532005689903,0.5743000717874924,2.6630434782608736,2.8256070640176656,6.790123456790109,2.16
2005-01-01,2.8448738593666034,12.90106951871659,0.7896625987078298,2.8276237085372413,2.818141787758699,5.306122448979589,2.28
2005-02-01,3.0530262453133394,16.305062458908615,0.6456241032998689,2.658708627238182,2.9903254177660488,4.983164983164978,2.5
2005-03-01,3.2068412613575736,18.199737187910657,0.5014326647564626,2.6529507309150047,3.0661410424879465,6.398910823689596,2.63
2005-04-01,3.3617929562433257,23.80310182063383,0.42979942693408546,3.0794165316045508,2.882096069869,8.073270013568523,2.79
2005-05-01,2.869287991498415,12.644415917843377,0.5726556907659441,2.4128686327077764,2.788671023965139,8.434547908232126,3.0
2005-06-01,2.541026998411855,9.417596034696407,0.5014326647564626,2.193686463349387,2.6956521739130324,6.507304116865886,3.04
2005-07-01,3.067160232681121,20.739348370927324,0.5743000717874924,2.1890016017084957,2.7331887201735405,7.255936675461738,3.26
2005-08-01,3.6469344608879517,32.68506900878294,0.7194244604316502,2.1333333333333426,2.685145084452145,8.049738219895275,3.5
2005-09-01,4.741833508956805,55.67833026396563,0.5738880918220834,2.4012806830309597,2.5043177892918767,13.749999999999996,3.62
2005-10-01,4.350104821802936,37.45704467353952,0.3576537911301969,2.1773765268189083,2.715517241379306,20.396039603960393,3.78
2005-11-01,3.3385498174230532,14.396028681742967,0.14265335235379428,2.17046056114345,2.881720430107526,19.421221864951765,4.0
2005-12-01,3.3385498174230532,14.421997755331105,0.1427551748750977,2.329274748544208,2.962644911979395,16.89145793192037,4.16
2006-01-01,4.018789144050117,28.004736530491403,0.07122507122505617,2.6441036488630276,2.91220556745182,21.834625322997404,4.29
2006-02-01,3.63825363825363,20.68965517241379,0.0,2.6427061310782207,2.946199829205809,19.371391917896077,4.49
2006-03-01,3.4179181771103018,17.620900500277937,0.2138275124732525,2.5316455696202667,2.84742881427964,17.40243122200895,4.59
2006-04-01,3.613835828600931,23.5838779956427,0.42796005706136064,1.8343815513626849,3.056027164685915,13.935969868173249,4.79
2006-05-01,3.9772727272727293,31.28205128205128,0.2846975088967918,1.9371727748691114,3.3064857990674046,12.44555071561917,4.94
2006-06-01,4.1817243159525175,30.91732729331824,0.49893086243761875,2.251308900523563,3.5139712108382737,12.157107231920206,4.99
2006-07-01,4.104669061056954,28.43798650752465,0.49964311206283085,2.2466039707419005,3.5472972972972805,10.63960639606396,5.24
2006-08-01,3.926568077511483,20.378250591016545,0.642857142857145,2.4543080939947615,3.7536904259805937,9.630526953361596,5.25
2006-09-01,2.012072434607637,-11.474763406940058,0.4992867332382467,2.5534132360604422,3.875315922493683,5.957200694042797,5.25
2006-10-01,1.4063284781516971,-16.333333333333332,0.28510334996434405,2.598752598752596,3.8187159043222785,-2.247807017543857,5.25
2006-11-01,1.9687026754164672,-4.146576663452262,-0.14245014245015675,2.2797927461139844,3.678929765886285,-2.9079159935379573,5.25
2006-12-01,2.5239777889954462,5.247670426679729,-0.07127583749110267,2.1727884117951346,3.669724770642202,0.0,5.24
2007-01-01,2.075765178123423,-3.4574468085106336,-0.17224199288256026,2.428129829984549,3.7794423637120156,-2.9575821845175043,5.25
2007-02-01,2.420260782347028,-0.7854800936768158,-0.0007127583749100275,3.0514933058702454,3.7917876399834016,-1.0886620096722144,5.26
2007-03-01,2.798197295943927,6.689981096408326,-0.2453769559032759,3.3194444444444526,3.61239669421487,1.4980926430517627,5.26
2007-04-01,2.5929247633283525,2.3261348611723243,-0.48650568181818343,3.6500257334019404,3.5358319604612776,2.547107438016516,5.25
2007-05-01,2.709885742672613,5.334635416666655,-0.65081618168914,3.8299948638931713,3.402133771029958,3.1809629219701208,5.25
2007-06-01,2.692765113974227,5.282006920415228,-0.8248226950354653,3.930875576036863,3.3321063394682993,4.579766536964991,5.25
2007-07-01,2.3178905864958077,-1.1466666666666625,-0.6740056818181905,4.057230454777727,3.29159869494291,3.6792662590327874,5.26
2007-08-01,1.897448478900876,-6.02631578947368,-0.7750177430802085,4.188583078491348,3.200813008130088,2.3939226519337,5.02
2007-09-01,2.8338264299802685,10.163474387527849,-0.7963094393186765,4.342987804878051,3.2506082725060947,1.57914847161571,4.94
2007-10-01,3.610698365527476,24.23007968127491,-0.5451314854299949,4.350557244174258,3.225141471301529,5.065058889512053,4.76
2007-11-01,4.373267326732666,36.890342052313876,-0.0028530670470705566,4.756332320162104,3.291935483870967,4.206877426511357,4.49
2007-12-01,4.108813392417532,28.402143522833168,0.07346647646220283,4.881518987341771,3.3519710378117518,3.4120879120879133,4.24
2008-01-01,4.294695655165981,33.173793268654926,0.23528069700122778,4.818095396176303,3.3546928006030763,2.661428680705047,3.94
2008-02-01,4.142959270611968,33.02710281697454,0.07840398007112892,4.525648841230012,3.163337888923534,3.294870541195394,2.98
2008-03-01,3.9749035501344343,26.703166250287925,0.027806495312110435,4.352436856805708,3.3125682972936277,3.7986781137079983,2.61
2008-04-01,3.9037609759888126,22.406515690547792,0.11347821432394767,4.95352347660285,3.1477614018338373,6.563401621508369,2.28
2008-05-01,4.088413823123993,22.812959689481673,0.10929898630547275,4.969899632463881,3.1897964609847174,8.929031150776613,1.98
2008-06-01,4.935966105947864,35.6223193597686,0.2023784835201159,5.160683230119667,3.2507807335927286,10.383280446903619,2.0
2008-07-01,5.497512078341837,39.78345636020306,0.39327570056704175,5.79895894716167,3.2747531300464816,14.933599257984431,2.01
2008-08-01,5.308017162091239,36.26936724944305,0.48352025635158835,5.925114226731498,3.2898209347944185,14.966573680887919,2.0
2008-09-01,4.953319875136075,32.05238620879276,0.45214554507861937,6.039533083025317,3.22014327457818,11.376569779626333,1.81
2008-10-01,3.7310578899565128,13.921604784850118,0.1422109152237283,6.138221643979258,3.0394041796702354,9.635885144476909,0.97
2008-11-01,1.0999174706166848,-26.32745151357031,-0.12839168021913094,5.943256169332045,2.8606673849565167,8.049604811453804,0.39
2008-12-01,-0.02222800255385904,-40.69845509542698,-0.4326350826425629,5.797983016399466,2.6279224544920377,7.806705276021453,0.16
2009-01-01,-0.11358601902212717,-39.4208665057363,-0.527072011835994,5.245402894544893,2.535034219470167,7.520769799832894,0.15
2009-02-01,0.008463140671510772,-36.13538125217366,-0.026351587148953914,4.720746905819317,2.5162884745000946,5.443912085369118,0.22
2009-03-01,-0.4464787676623838,-39.91259963641449,0.46616391292571,4.335504186645678,2.3030480837528122,2.3049388591173336,0.18
2009-04-01,-0.5763244243767063,-39.07762463889994,0.9745212940388104,3.3136520192271313,2.3050698424206706,-1.8937274061077258,0.15
2009-05-01,-1.015761495855172,-39.31945674638323,1.2038305645944103,2.7563099658818757,2.095150925473699,-5.850927640130776,0.18
2009-06-01,-1.2291746182109153,-34.759073188315796,1.4437624892948975,2.173790828851452,1.8155332362186583,-7.961035083833323,0.21
2009-07-01,-1.9587610037622771,-37.409392480051,1.3012727829573745,1.0563984980203944,1.6145126450404446,-11.43380929501383,0.16
2009-08-01,-1.4838355663267633,-30.713054466712066,1.02075681216367,0.5578903616127118,1.5921380793666673,-11.001027826405284,0.16
2009-09-01,-1.377942862886472,-30.07734515658873,1.5148493697030085,-0.039035770543149884,1.466811255065359,-8.543210591323158,0.15
2009-10-01,-0.22396829420033848,-18.699988035836203,2.2742842462820656,-0.34349957920157825,1.4972961264113183,-7.078517104712201,0.12
2009-11-01,1.9145871744709275,20.357023507289608,2.6382699120100606,-0.4674112991204127,1.3601930988417221,-4.848060923407327,0.12
2009-12-01,2.8141231232083674,46.894850862269436,3.075249112358258,-0.36960816970946775,1.3466825947626937,-5.201993070580513,0.12
2010-01-01,2.6211113889767157,45.94928439931114,3.051191659456398,-0.21338391322388572,0.9296887415715105,-4.732606027006692,0.11
2010-02-01,2.151336357866529,33.315921960001994,2.623742626734682,-0.07304001679919736,0.8649028542927706,-4.291984637637791,0.13
2010-03-01,2.2861714393279886,38.07498516355003,2.0794903084825567,0.29220511976295604,0.8071271706400429,-1.9102032561431836,0.16
2010-04-01,2.2067707525304403,36.935578889004404,1.2799966111507466,0.5307456999981586,0.8440297804165553,-0.2944758791878055,0.2
2010-05-01,2.003548929218568,28.517875507292857,1.0442593937513678,0.7328493531389313,0.8949927865691043,1.1589170192403353,0.2
2010-06-01,1.1215605940686268,5.61952696240029,0.8435167401841914,0.7038314105973553,0.9853311043841018,0.7559864184031762,0.18
2010-07-01,1.3407784804821077,8.80462304609031,0.7790308518716538,0.8809277758640599,1.0199858533869177,1.8955873213176044,0.18
2010-08-01,1.1501775395112546,4.664916622030213,1.053425217379056,0.9832918461637252,0.8588556349262921,2.1721132093381446,0.19
2010-09-01,1.1183122472331775,4.870839336308186,0.6826297733220077,1.3479491326080728,0.8576142798214947,1.7029178558428448,0.19
2010-10-01,1.1666951489314625,9.703514542936297,0.1074526057257108,1.3906673826538318,0.786652738307847,0.9300790174173734,0.19
2010-11-01,1.084544776600338,7.859762541182325,-0.1217730150998575,1.4950356561417966,0.9708846919977754,-0.9484021597891967,0.19
2010-12-01,1.437793022217937,14.49580269544024,-0.27084838046557147,1.4724673790080578,1.0140849286772946,-0.09617984070539043,0.18
2011-01-01,1.7007834915029774,13.868996272847124,-0.14086070749546042,1.7728633113248682,1.405118861508825,-0.5653034609249485,0.17
2011-02-01,2.124898173333145,18.615837341714126,0.08052479955571457,2.209248142970699,1.515679377245327,0.24129035620295003,0.16
2011-03-01,2.619241510354109,26.32914059372564,0.2912169253330932,2.743011385138683,1.572881457441988,-0.3747384047587121,0.14
2011-04-01,3.0772344447868694,32.72724205269664,0.7305477714110387,3.0287294277345778,1.5430968098865794,0.1572083913200295,0.1
2011-05-01,3.4589718808964998,37.37996902426435,1.2211801484955043,3.366249186209025,1.5422638536809252,0.9615931427035207,0.09
2011-06-01,3.5023181506360412,36.0669430316032,1.544557770925481,3.6316117781511448,1.603576262149864,1.039016335559162,0.09
2011-07-01,3.5798809769996165,33.10448466112792,1.7302003683652423,4.020159986887828,1.7415334880204414,1.0332831940287779,0.07
2011-08-01,3.75499603070808,31.611803567123566,1.9726245180004431,4.41060765239063,1.9587701766726529,1.0033548387096802,0.1
2011-09-01,3.812621692818685,31.045757092391078,1.9225141105149612,4.516360075793968,2.0073840799830434,1.8948569650128366,0.08
2011-10-01,3.5222681306640524,22.61154664067955,2.0972587176681268,4.465599268483689,2.111211002221536,1.5720152217590044,0.07
2011-11-01,3.451432214581729,20.520150151188552,2.257985857108036,4.365271219754652,2.086632130500732,1.7404029581623792,0.08
2011-12-01,3.062066838419386,11.357566495651849,2.2631996768847307,4.439509649930495,2.2756403132478287,0.7618532183614857,0.07
2012-01-01,3.0087663379855023,11.112778677072278,2.2013605631258315,4.218465889958911,2.3095379814926265,0.44206401045068233,0.08
2012-02-01,2.8981784423473878,12.79517598110873,2.0267598892981242,3.7406026799681857,2.221861403968428,-0.9649177532389364,0.1
2012-03-01,2.5828752813320977,7.900653106424982,2.022897060250317,3.1796819874232884,2.32610418087007,-1.826413141896266,0.13
2012-04-01,2.2731633741348567,2.9051088859724183,1.9273089645817976,2.9861172517464007,2.455069540056387,-2.597329079072641,0.14
2012-05-01,1.7379429374660749,-3.279094091931134,1.629737890716565,2.6787641216499125,2.4769839402317917,-3.7211517289760243,0.16
2012-06-01,1.653870448297634,-4.277900368634125,1.3451867322542554,2.645395710952836,2.5029906720388517,-3.1754433749428324,0.16
2012-07-01,1.4175114798464783,-5.696322986255142,1.1473363691227423,2.3105574838164777,2.462157957353339,-4.048910262969418,0.16
2012-08-01,1.6859349154821235,1.1032235465761042,0.6851656842767451,1.9736297625633226,2.3978653194720367,-3.5131378580845585,0.13
2012-09-01,1.9497168982819613,5.435728146677654,0.7041820207972949,1.6156244985058077,2.487643791278482,-3.7681100398089917,0.14
2012-10-01,2.1556780595369363,8.252405315828426,0.6232847721904466,1.6977501993274746,2.4921325014097606,-3.012057429963144,0.16
2012-11-01,1.7960197033926262,1.9752677099837745,0.4850929307243623,1.7854668883347191,2.487141113565028,-1.6602881873988617,0.16
2012-12-01,1.7595049796895523,1.6971415874841522,0.3711219459047177,1.7844177845387943,2.4477614102698775,-1.0520227034452878,0.16
2013-01-01,1.684061762098299,0.18909914197873245,0.3610304666199937,1.6064205125554176,2.4680740349939168,-0.14462519703881682,0.14
2013-02-01,2.0181404902574807,3.697022941667605,0.288932852005197,1.6372041722855668,2.5937691780080208,1.1197320622388318,0.15
2013-03-01,1.5187472411246183,-2.7593327645262122,0.006792693778567838,1.5604166845876621,2.5465755743390606,1.271179741231654,0.14
2013-04-01,1.138808047576867,-7.394643469238405,-0.08486831831729935,1.5626744056256303,2.341265706350093,2.5989602045776383,0.15
2013-05-01,1.3903888279197085,-3.6311537776626657,-0.21096473971971008,1.3983794240907343,2.3019435205815064,4.454265990150086,0.11
2013-06-01,1.7157935271568725,2.115903874713121,-0.2345540084330966,1.4073896517481144,2.278268029427033,4.091652159143977,0.09
2013-07-01,1.885471805415806,3.7882934037516858,-0.16136796642461926,1.4464047366439692,2.3579765702873345,4.407985240954226,0.09
2013-08-01,1.538809488600279,-1.9983344564098116,-0.008149737850104977,1.4091786696738273,2.406236966216424,3.1305112303317006,0.08
2013-09-01,1.0947341081747997,-8.478648493457042,-0.049559060142978506,1.3564617604124862,2.379961661705443,3.633170401405028,0.08
2013-10-01,0.8767991434911471,-10.491474840673455,-0.1275484243020597,1.277834115912646,2.323624940099056,3.2837252442636355,0.09
2013-11-01,1.2328701961954458,-5.373661586557255,-0.13085810371014084,1.188855806039979,2.392758282147711,2.383079197421556,0.08
2013-12-01,1.5128383667573297,-0.8096697704007783,0.01763943635217924,1.1090306172273579,2.3486195717119296,2.395740905057675,0.09
2014-01-01,1.557758795574915,1.0120820707719247,-0.35973172549286225,1.0841176969388577,2.2918988305990817,4.126745961040523,0.07
2014-02-01,1.1204746347724948,-6.145318532093569,-0.4480809121598761,1.4175317821307987,2.250215521033083,4.464114211550929,0.07
2014-03-01,1.6126949139408042,-2.5690015831738577,-0.32263103914362823,1.7405666370219786,2.3277539351965526,7.709321023954363,0.08
2014-04-01,2.015125303606169,3.7047781968301052,-0.2555007406803367,1.8687598806293115,2.5401383998005844,4.2556916786396615,0.09
2014-05-01,2.166947687079812,3.141378846929177,-0.20325341418151455,2.4197608159501227,2.6895843050884327,4.370229687826188,0.09
2014-06-01,2.0589816945944195,1.7831822283332688,-0.18550228310502126,2.293256567839541,2.6503417932859374,4.566151837933474,0.1
2014-07-01,1.9742378703305974,0.6937509681204101,-0.2994886282605913,2.4247995850430026,2.5895197573481576,4.917446747662324,0.09
2014-08-01,1.7150983482969062,-2.432822508716448,-0.367447294066503,2.5685847510814597,2.464223677294264,4.683407795409034,0.09
2014-09-01,1.6840509711232077,-3.275711195865727,-0.2458804830668515,2.814742445170637,2.424680327783446,3.7452017314603125,0.09
2014-10-01,1.6095417021513292,-5.631623168095212,-0.18749108398377068,2.863778066665823,2.5039807674295034,3.3313774013317365,0.09
2014-11-01,1.231524989320798,-11.36293056170421,-0.4738789504056373,3.0311692133083934,2.5036864732393305,2.8633383504681253,0.09
2014-12-01,0.6531213919623191,-20.822239066073244,-0.7509004700758992,3.2364267027249483,2.440498808248992,3.717504332755639,0.12
2015-01-01,-0.22993097820542818,-34.59510818617747,-0.8430843288300904,3.081575558789851,2.4846326487694137,1.6676339911139593,0.11
2015-02-01,-0.08703146293520536,-31.935019206145967,-0.539981070020501,2.846012698173861,2.4474345297498257,0.8174969188565973,0.11
2015-03-01,-0.022031284423873476,-28.07910544673825,-0.26984300043612075,2.2664835164835084,2.436797704605209,-2.939542254712013,0.11
2015-04-01,-0.10403098939391064,-30.252449412044648,-0.2016541087024648,1.9170522210004481,2.4943333949640767,-1.2669732429081648,0.12
2015-05-01,0.03503321824429584,-25.08062151861624,-0.20843550760175633,1.5608801067296785,2.4261797913977423,-3.328617426090341,0.12
2015-06-01,0.1795718097550525,-23.58318395552439,-0.3785016508390471,1.7190369101900194,2.5201946322684243,-2.888741515175164,0.13
2015-07-01,0.22568611104094582,-22.846351234584073,-0.4086915060281915,1.5851253484187922,2.5969651605879163,-3.6350892222622555,0.13
2015-08-01,0.2413037985344868,-23.731151769805603,-0.44106318724392857,1.556436212808765,2.617292339052124,-2.916360068677948,0.14
2015-09-01,0.008842961634170088,-29.601078811259242,-0.49161128663253173,1.571178137850815,2.6999894862863805,-2.8444063943790843,0.14
2015-10-01,0.12761656067050708,-28.34816636930213,-0.7098570077111122,1.549284253578742,2.7951224960149457,-2.8778257305667743,0.12
2015-11-01,0.4363182169185187,-24.231807135509065,-0.5961922822431576,1.2113126565649113,2.8609346665450897,-2.783137490265708,0.12
2015-12-01,0.6387247515364791,-20.34929388469784,-0.4729489597856795,0.7814025382362422,2.9215491224224843,-4.52492468288177,0.24
2016-01-01,1.2375025026943876,-10.079097472573395,-0.31747337817730203,0.8963884051366389,2.964308541056959,-4.708238802738229,0.34
2016-02-01,0.8472775790126619,-21.508218308368786,-0.26700624383830807,0.8892284683161611,3.062458431585946,-4.806550039680779,0.38
2016-03-01,0.8916160965521946,-18.84303219747664,-0.5179152204214277,0.8197488654171137,3.039542192410516,-3.6911298391633096,0.36
2016-04-01,1.1726257503534843,-13.232216126504081,-0.47989623865110076,0.9327606212975681,3.0412865336883366,-3.128783406541724,0.37
2016-05-01,1.0784764621246223,-16.757755603382684,-0.46961816220940644,0.6869036870744916,3.1712847187489457,-1.932306201648193,0.37
2016-06-01,1.0792865347959424,-14.855027813072352,-0.6061268698023037,0.3687462222781157,3.223553358921327,-2.323397674091632,0.38
2016-07-01,0.8683633430518256,-19.453942288928673,-0.7078859175159047,0.2727644863070644,3.129466461948649,-0.6450341964096218,0.39
2016-08-01,1.0553158595656864,-18.00902216313989,-0.5121744131905581,0.07440506277929249,3.23452097969239,-0.059119274399332955,0.4
2016-09-01,1.5486446201652182,-5.9313609008336154,-0.3982428049431386,-0.18388283115040593,3.1484673760129978,0.8725817887166976,0.4
2016-10-01,1.685924966243646,-0.8300263250952788,-0.3235358631278884,-0.2787085964686242,3.04275395241953,1.2598761477685239,0.4
2016-11-01,1.6843334719788938,-0.01967729240456295,-0.5778085820357881,-0.22170714501662525,3.0364512030571333,1.3826812792097742,0.41
2016-12-01,2.0507989115119862,7.991473843704244,-0.6166565950667446,-0.09323501277440638,3.1066218027056003,2.1141115789690357,0.54
2017-01-01,2.5103933482571117,19.881454745862538,-0.3033513097072449,-0.027019724398813505,3.0955756954018865,2.832205753240724,0.65
2017-02-01,2.8103616813294208,30.60916351609635,-0.4702280434394579,0.10836112856704716,3.122036119014804,3.7153450222144,0.66
2017-03-01,2.44119623655914,20.162448920268105,-0.4141540405774857,0.5333085720975905,2.8484284868861787,3.34828812437975,0.79
2017-04-01,2.176223471915395,13.525992518915242,-0.5933313669943208,0.5949835824869076,2.7080476315524793,4.320050404891762,0.9
2017-05-01,1.8563431667619756,5.811870276255804,-0.8346249331339872,0.8627688579218473,2.571900420462736,4.683833518587144,0.91
2017-06-01,1.640565809959127,0.03194186580424141,-0.702637296152675,0.8483550238461035,2.478460081068712,4.96090396409643,1.04
2017-07-01,1.7251073506566073,3.441864874544409,-0.6743585328052415,1.0230148015812013,2.440914498858482,3.8846550786234557,1.15
2017-08-01,1.92812155729698,10.707223202704718,-0.9084902543772699,1.1035279761111072,2.4917902406485615,3.1746111998705695,1.16
2017-09-01,2.1805652303711787,19.794512779799756,-1.3396537510304896,1.235819786044412,2.5522814296873975,2.3465858030052855,1.15
2017-10-01,2.020757753132485,10.796461930090429,-1.0287726247455664,1.3005056624501243,2.6595948622915033,2.048562993312042,1.15
2017-11-01,2.172493864295566,14.832710096437696,-0.791684209799759,1.402282597717397,2.548685988121635,2.4407919237466436,1.16
2017-12-01,2.129930719552253,11.184091622513726,-0.6799054765557089,1.5998060841110107,2.563067800864949,2.9570556476939958,1.3
2018-01-01,2.151318868063945,8.520189477764294,-0.4774554110463347,1.700685760387266,2.6255161508063507,1.9998593770402806,1.41
2018-02-01,2.263468931091861,12.358019707506829,-0.4331363068922567,1.4184368624579058,2.597361550957955,2.664097097751794,1.42
2018-03-01,2.3309497646499366,10.090018841152792,-0.3482878719955784,1.2585334511284074,2.8969516089257574,2.5971492873218427,1.51
2018-04-01,2.4709963021052994,14.294807291788558,-0.3146520197071401,1.315256575280399,2.9248368076160824,1.1500170794615627,1.69
2018-05-01,2.781921607842497,22.304274854378512,-0.11203551940912604,1.1705531594523144,3.0310764102224885,0.521555326156431,1.7
2018-06-01,2.8075506935940187,24.046041471251513,-0.21463684830022034,1.382259467214908,3.036667651849112,-0.4006445577481532,1.82
2018-07-01,2.854124785561929,25.84940148572068,-0.2503536852617172,1.3715456294986383,3.0921492493274805,-0.7795906781900563,1.91
2018-08-01,2.6429238568742575,21.047450758194163,-0.4403511696393747,1.3856360657048095,2.9600055069869846,-0.26804921912900737,1.91
2018-09-01,2.332055105808828,10.261430876815503,-0.13160643409234618,1.4031055082665889,2.9576673326673353,-1.1262796960614496,1.95
2018-10-01,2.492032470218053,15.895904665695193,-0.11534185658699236,1.2742408777749459,2.858352214725013,-0.2834032000944675,2.19
2018-11-01,2.147328577667773,4.706794752041699,0.15027759611503377,1.4884699357758713,2.902621431922636,-0.40922399732751247,2.2
2018-12-01,2.0023809043401064,-1.2114523311474112,0.3311488639367699,1.6664678516044473,2.889390798935465,1.278404222504026,2.27
2019-01-01,1.4875893578291333,-10.895974283257948,0.37783462629037423,1.660346824477621,2.78252975216311,0.8055303895694532,2.4
2019-02-01,1.5188615351321877,-8.97369420276245,0.26877065135320066,1.9679572128012301,2.7743549301328496,-0.905027987297502,2.4
2019-03-01,1.8831863513063984,-0.5062456685992478,0.1681777285625241,2.070163471529307,2.7146109672126606,-0.18816142885693665,2.41
2019-04-01,2.000583470209061,2.6837777632182425,-0.06645162183489539,1.724445007341835,2.8196399546109863,-0.06509397024274666,2.42
2019-05-01,1.7959105553606136,0.06901729064754392,-0.2000900058850119,1.9352106208982311,2.6978675775766847,-0.636702837777714,2.39
2019-06-01,1.671194894390049,-4.621857189399203,0.036774909797387956,1.8563612788969452,2.7537045626541135,-0.21538900335870137,2.38
2019-07-01,1.826331335037068,-2.7126859029339867,0.25793443876662714,1.7646478400726195,2.7978394309933208,0.16967126193001558,2.4
2019-08-01,1.7376412106666406,-6.721779040108544,0.6160092645560944,1.722268869467869,2.8852407203680874,-0.3744103773584917,2.13
2019-09-01,1.6844977040391562,-8.816641948325666,0.5257249635687966,1.7599162544322589,2.9312237336034164,0.5253992587851863,2.04
2019-10-01,1.7339736996186295,-8.420626349892002,0.32764305688886,1.9983307875218514,3.001924426908076,0.3148005605226212,1.83
2019-11-01,2.092290394862917,-0.9714737018713282,0.21326849600555864,1.9204497275568055,3.0517317906089803,0.19977999536311408,1.55
2019-12-01,2.3195274699624457,7.980098468413455,0.11232994494445592,1.7095521372335165,2.9895240188742234,-1.8390137781000737,1.55
2020-01-01,2.599767976845202,15.341518210886452,-0.3315191866729461,1.777590498708559,3.1302106335229007,-0.6970087724439744,1.55
2020-02-01,2.3413166797595197,5.573048423847715,-0.022107233901436096,1.7778348469637884,3.1481736815917483,-0.1751992462015628,1.58
2020-03-01,1.4940399642909163,-11.011017388275867,-0.16927722081350183,1.8902453239254768,2.833417091439916,-0.6392943830980102,0.65
2020-04-01,0.3130472940411133,-32.19546821288712,-0.8027983653113524,3.4079325183450138,2.1606853106805213,-0.15965756879724458,0.05
2020-05-01,0.1982013035848551,-33.315183415007965,-0.9955184327001598,3.8602377263389887,1.9379371748639906,0.07628365708773899,0.05
2020-06-01,0.7166562831830481,-22.85646812745644,-1.1007608914290423,4.340924615002484,1.9395476467653383,0.30751792622525365,0.08
2020-07-01,0.9968647625897997,-21.100192542011996,-0.5762589628725445,3.873780232395796,2.268520026894061,0.1329466391582157,0.09
2020-08-01,1.2810698495523853,-17.968836382502783,0.32310625758364964,3.962471807352186,2.175466994340547,0.08828258317796767,0.1
2020-09-01,1.3910228912373812,-15.577622736806063,1.0563551239812785,3.7818814657256006,1.9274673673853604,1.4460566577830347,0.09
2020-10-01,1.2303863428671624,-17.693211537732633,1.308372334893404,3.828428950781193,1.7311528191087833,1.3944497457035077,0.09
2020-11-01,1.1757452138405844,-19.032880572899668,1.4772246754056972,3.6367978307090043,1.719914678167922,2.1469221377653502,0.09
2020-12-01,1.3204191315779434,-14.550901085151956,1.6193378584291374,3.859228154369121,1.604287456033382,2.4674211754971864,0.09
2021-01-01,1.3553199782346148,-8.69002974266132,1.7053801591041529,3.705847625911396,1.2768300356568396,1.9266619119057582,0.09
2021-02-01,1.667502410800381,1.519290657806982,1.3440024323334354,3.52911491128467,1.249255357791501,3.1851768095137345,0.08
2021-03-01,2.623645747764214,21.969158222803454,1.6894136537290327,3.37249608181851,1.6327872285960332,3.9243443041956594,0.07
2021-04-01,4.137373453318349,47.78918766320841,4.410974017358993,2.364388190099209,2.476730470529165,5.376212223034327,0.07
2021-05-01,4.9264665639830785,54.42465297728853,6.472521389381325,2.1229025214608344,2.8761805164038146,6.2996695255330915,0.06
2021-06-01,5.317418943207719,44.18035116874031,8.547122438388044,2.3582010719772173,3.034152054279704,6.516687219648332,0.08
2021-07-01,5.269167647240969,41.105161072693534,8.30479511769835,3.3682567656371454,2.8301668211306863,7.407589533780157,0.1
2021-08-01,5.181323173271246,41.82318694820444,7.534677346897856,3.649667686779412,2.7353698762405454,8.803717409836542,0.09
2021-09-01,5.363523425270289,41.66683566894483,7.269832118491659,4.436676926746008,2.9066137963722927,8.636828022378973,0.08
2021-10-01,6.226591220771449,49.503415457824865,8.477743101182655,5.100239027237197,3.2558287275268327,11.21465404747235,0.08
2021-11-01,6.865559520296194,57.51819453092304,9.478919037079535,5.80303717303563,3.4369725145895647,10.52826896847543,0.08
2021-12-01,7.159457345112474,48.97292578878456,10.743058111479176,6.013595568851615,3.7075405458291577,10.230899373245661,0.08
2022-01-01,7.578082463000535,40.663503753009486,11.789274301793974,6.685518898438225,4.081057370093921,13.284303790138118,0.08
2022-02-01,7.949220898953979,38.120686841125085,12.475624224407134,7.613424028242455,4.3860354051385775,12.066796893610942,0.08
2022-03-01,8.540780148538584,47.759155706688695,11.828842502160896,8.471944017146015,4.652800238135457,13.303095084944584,0.2
2022-04-01,8.235161744022502,44.62259683305276,9.759376170349388,9.015992736922973,4.918929545202011,13.732828727172851,0.33
2022-05-01,8.530051713089225,50.34936823882374,8.48579777292231,9.741819273491448,5.162774188968555,16.38045097476799,0.77
2022-06-01,8.999298141923106,60.62892414085959,7.075523508622306,10.02729033500611,5.500262954019819,19.71743933432655,1.21
2022-07-01,8.447778206754553,44.33840338268911,6.8353060882780925,10.480232621141772,5.581435958676484,19.056601182109944,1.68
2022-08-01,8.216255059541266,26.734218674035958,6.91740631005251,10.918787896224579,6.089060851213501,20.06947369374512,2.33
2022-09-01,8.205751582451759,19.88168264034529,6.626783543412884,10.75108827517306,6.658690505278586,19.911062547301196,2.56
2022-10-01,7.757261470809462,19.4163227029728,5.143250115142695,10.55894909223385,6.739247770410284,15.619888423137173,3.08
2022-11-01,7.131380368978291,12.594366215436859,3.7357110767234136,10.322818603344096,6.807612406641073,14.105191554675711,3.78
2022-12-01,6.410831677385809,0.49490758679784363,2.138109305760727,10.136206475046293,7.017913827165989,15.582405316078173,4.1
2023-01-01,6.340296309929161,2.996866268972309,1.2774879321273636,9.826721781221082,7.164985919307543,15.403194888178916,4.33
2023-02-01,5.957648712766894,-1.4055957192808166,0.8759752423329381,9.166309215380132,7.2643838704888,13.198025652907752,4.57
2023-03-01,4.931348641757127,-17.334480932203398,1.4764863762788405,8.239103006641768,7.1144331673216765,9.015733076194167,4.65
2023-04-01,4.946947488062325,-12.67019250877791,2.027162885919531,7.472268114231784,6.8284019812304475,5.895907859300431,4.83
2023-05-01,4.125314539356473,-20.36345732528546,2.043775251452895,6.593472582243276,6.572577270039437,1.6182953637487563,5.06
2023-06-01,3.0592533347792994,-26.808163111159356,1.386642851970743,5.679645158413793,6.158224947537971,-1.0626042665988544,5.08
2023-07-01,3.28032820234625,-20.49832176120615,0.9361286589188555,4.811040381352205,6.115469670738305,-1.1536376116625058,5.12
2023-08-01,3.7186358677607556,-4.523468213427629,0.42378994445646523,4.221799282154715,5.8952717936203936,-2.6671243262408773,5.33
2023-09-01,3.6950823322234427,2.2181024626012347,-0.015001770208866727,3.7085482504324974,5.685546514995932,-3.3525666162493195,5.33
2023-10-01,3.2465375076767167,-6.09894156996158,0.05520518928778806,3.325548659543176,5.504159297831923,-2.2496029335757894,5.33
2023-11-01,3.139855644977696,-9.543349956404,0.03368400791572412,2.938544960151801,5.487505996704423,0.08330722021383519,5.33
2023-12-01,3.322200208829762,-2.697144863387302,0.12051532352337357,2.7096618709826714,5.306416651974133,-0.8952048257311884,5.33
2024-01-01,3.1079425939238847,-6.440369382661748,-0.32978672187183866,2.5371326173920794,5.40347474914189,-1.9652355588038795,5.33
2024-02-01,3.16642120765831,-4.0918994834034494,-0.290858392827098,2.2412432770560153,5.239832157220592,0.4180108990802234,5.33
2024-03-01,3.4690014354717524,0.4613240641368588,-0.585959756499832,2.25558948836857,5.38925060640878,2.962968635724872,5.33
2024-04-01,3.3540471111874304,0.8302690575894722,-1.1382638192155237,2.2299467924907113,5.319495071199443,3.5253375179243207,5.33
2024-05-01,3.238866396761142,2.2090284592737985,-1.7269976398689768,2.125408822746966,5.2049789839852645,4.68172998685612,5.33
2024-06-01,2.9700853998204435,-2.204872196745411,-1.787861113425615,2.221701356334771,5.02821221645775,4.298793191403183,5.33
2024-07-01,2.9384633061405374,-2.078721908283643,-1.6823032684578632,2.180775733527973,4.9168665188514815,4.206234657475072,5.33
2024-08-01,2.6109140322338353,-10.283366563953834,-1.5694865947169068,2.057279028384418,4.938883879370803,3.1083605248676704,5.33
2024-09-01,2.432541464144644,-15.242946136255442,-1.1451068886461635,2.228317935272228,4.763031876460633,3.3973754579037507,5.13
2024-10-01,2.5714034967967203,-12.37634792588047,-1.1940531236693475,2.1159532471553444,4.771991864568403,4.021520150054414,4.83
2024-11-01,2.7141684004842848,-8.458222653454017,-0.7281713938679601,2.323876571315453,4.579439483330083,2.832378770523114,4.64
2024-12-01,2.872366268806581,-3.648840206185555,-0.675879003815727,2.3908761400193823,4.451803520866671,3.289608916431286,4.48
2025-01-01,2.999412512831112,-0.4544949946779675,-0.07185122569738356,2.4078962752373645,4.328125229373514,2.4828209424478054,4.33
2025-02-01,2.8142703731568686,-3.17254328962715,-0.03435390549662021,2.5189311836486095,4.120135714094331,3.2033780397495715,4.33
2025-03-01,2.4055852640280317,-9.498859958225037,-0.028354589220425108,2.8894931710989225,3.678677769244376,4.232879004816015,4.33
2025-04-01,2.3337465177498906,-11.50961556490272,0.16430875548198998,2.687043515620191,3.5841082811002734,6.259893671037298,4.33
2025-05-01,2.3759340869898393,-11.566539607556969,0.26738291411079196,2.8142295881779633,3.5338344053963633,6.819506726457392,4.33
2025-06-01,2.6726833178446263,-7.938360884949347,0.6411421784290106,2.8940135559434976,3.6019729725831784,7.646211057677932,4.33
2025-07-01,2.7318012794754543,-8.944159669173136,1.0878808494095837,2.7942545754277903,3.6482306344988613,7.319149253898516,4.33
2025-08-01,2.9392196249335534,-6.215570072058729,1.4862654236525552,3.1177508786582875,3.6113405162331302,7.784129561351083,4.33
2025-09-01,3.022699626172387,-0.3728347501283591,1.5396384035358368,3.050976221226165,3.4829325602467653,6.453397114881532,4.22
